--
-- PostgreSQL database dump
--

\restrict SOCb6wO0nEwNYkjIWYyYqwRcqUCuKmHL7UHaTsahz9pz1d9OusVo9q7bZz5SNTQ

-- Dumped from database version 16.14
-- Dumped by pg_dump version 16.14

SET statement_timeout = 0;
SET lock_timeout = 0;
SET idle_in_transaction_session_timeout = 0;
SET client_encoding = 'UTF8';
SET standard_conforming_strings = on;
SELECT pg_catalog.set_config('search_path', '', false);
SET check_function_bodies = false;
SET xmloption = content;
SET client_min_messages = warning;
SET row_security = off;

SET default_tablespace = '';

SET default_table_access_method = heap;

--
-- Name: accounts_profile; Type: TABLE; Schema: public; Owner: business_cards
--

CREATE TABLE public.accounts_profile (
    id bigint NOT NULL,
    phone character varying(30) NOT NULL,
    user_id integer NOT NULL
);


ALTER TABLE public.accounts_profile OWNER TO business_cards;

--
-- Name: accounts_profile_id_seq; Type: SEQUENCE; Schema: public; Owner: business_cards
--

ALTER TABLE public.accounts_profile ALTER COLUMN id ADD GENERATED BY DEFAULT AS IDENTITY (
    SEQUENCE NAME public.accounts_profile_id_seq
    START WITH 1
    INCREMENT BY 1
    NO MINVALUE
    NO MAXVALUE
    CACHE 1
);


--
-- Name: auth_group; Type: TABLE; Schema: public; Owner: business_cards
--

CREATE TABLE public.auth_group (
    id integer NOT NULL,
    name character varying(150) NOT NULL
);


ALTER TABLE public.auth_group OWNER TO business_cards;

--
-- Name: auth_group_id_seq; Type: SEQUENCE; Schema: public; Owner: business_cards
--

ALTER TABLE public.auth_group ALTER COLUMN id ADD GENERATED BY DEFAULT AS IDENTITY (
    SEQUENCE NAME public.auth_group_id_seq
    START WITH 1
    INCREMENT BY 1
    NO MINVALUE
    NO MAXVALUE
    CACHE 1
);


--
-- Name: auth_group_permissions; Type: TABLE; Schema: public; Owner: business_cards
--

CREATE TABLE public.auth_group_permissions (
    id bigint NOT NULL,
    group_id integer NOT NULL,
    permission_id integer NOT NULL
);


ALTER TABLE public.auth_group_permissions OWNER TO business_cards;

--
-- Name: auth_group_permissions_id_seq; Type: SEQUENCE; Schema: public; Owner: business_cards
--

ALTER TABLE public.auth_group_permissions ALTER COLUMN id ADD GENERATED BY DEFAULT AS IDENTITY (
    SEQUENCE NAME public.auth_group_permissions_id_seq
    START WITH 1
    INCREMENT BY 1
    NO MINVALUE
    NO MAXVALUE
    CACHE 1
);


--
-- Name: auth_permission; Type: TABLE; Schema: public; Owner: business_cards
--

CREATE TABLE public.auth_permission (
    id integer NOT NULL,
    name character varying(255) NOT NULL,
    content_type_id integer NOT NULL,
    codename character varying(100) NOT NULL
);


ALTER TABLE public.auth_permission OWNER TO business_cards;

--
-- Name: auth_permission_id_seq; Type: SEQUENCE; Schema: public; Owner: business_cards
--

ALTER TABLE public.auth_permission ALTER COLUMN id ADD GENERATED BY DEFAULT AS IDENTITY (
    SEQUENCE NAME public.auth_permission_id_seq
    START WITH 1
    INCREMENT BY 1
    NO MINVALUE
    NO MAXVALUE
    CACHE 1
);


--
-- Name: auth_user; Type: TABLE; Schema: public; Owner: business_cards
--

CREATE TABLE public.auth_user (
    id integer NOT NULL,
    password character varying(128) NOT NULL,
    last_login timestamp with time zone,
    is_superuser boolean NOT NULL,
    username character varying(150) NOT NULL,
    first_name character varying(150) NOT NULL,
    last_name character varying(150) NOT NULL,
    email character varying(254) NOT NULL,
    is_staff boolean NOT NULL,
    is_active boolean NOT NULL,
    date_joined timestamp with time zone NOT NULL
);


ALTER TABLE public.auth_user OWNER TO business_cards;

--
-- Name: auth_user_groups; Type: TABLE; Schema: public; Owner: business_cards
--

CREATE TABLE public.auth_user_groups (
    id bigint NOT NULL,
    user_id integer NOT NULL,
    group_id integer NOT NULL
);


ALTER TABLE public.auth_user_groups OWNER TO business_cards;

--
-- Name: auth_user_groups_id_seq; Type: SEQUENCE; Schema: public; Owner: business_cards
--

ALTER TABLE public.auth_user_groups ALTER COLUMN id ADD GENERATED BY DEFAULT AS IDENTITY (
    SEQUENCE NAME public.auth_user_groups_id_seq
    START WITH 1
    INCREMENT BY 1
    NO MINVALUE
    NO MAXVALUE
    CACHE 1
);


--
-- Name: auth_user_id_seq; Type: SEQUENCE; Schema: public; Owner: business_cards
--

ALTER TABLE public.auth_user ALTER COLUMN id ADD GENERATED BY DEFAULT AS IDENTITY (
    SEQUENCE NAME public.auth_user_id_seq
    START WITH 1
    INCREMENT BY 1
    NO MINVALUE
    NO MAXVALUE
    CACHE 1
);


--
-- Name: auth_user_user_permissions; Type: TABLE; Schema: public; Owner: business_cards
--

CREATE TABLE public.auth_user_user_permissions (
    id bigint NOT NULL,
    user_id integer NOT NULL,
    permission_id integer NOT NULL
);


ALTER TABLE public.auth_user_user_permissions OWNER TO business_cards;

--
-- Name: auth_user_user_permissions_id_seq; Type: SEQUENCE; Schema: public; Owner: business_cards
--

ALTER TABLE public.auth_user_user_permissions ALTER COLUMN id ADD GENERATED BY DEFAULT AS IDENTITY (
    SEQUENCE NAME public.auth_user_user_permissions_id_seq
    START WITH 1
    INCREMENT BY 1
    NO MINVALUE
    NO MAXVALUE
    CACHE 1
);


--
-- Name: cards_businesscard; Type: TABLE; Schema: public; Owner: business_cards
--

CREATE TABLE public.cards_businesscard (
    id bigint NOT NULL,
    sequence_number integer NOT NULL,
    person_name character varying(255) NOT NULL,
    job_title character varying(255) NOT NULL,
    company_name character varying(255) NOT NULL,
    mobile_numbers jsonb NOT NULL,
    emails jsonb NOT NULL,
    website character varying(500) NOT NULL,
    address text NOT NULL,
    company_activity text NOT NULL,
    raw_text text NOT NULL,
    confidence double precision NOT NULL,
    needs_review boolean NOT NULL,
    review_notes text NOT NULL,
    website_visit_note text NOT NULL,
    duplicate_hash character varying(128) NOT NULL,
    status character varying(20) NOT NULL,
    front_image character varying(100),
    back_image character varying(100),
    created_at timestamp with time zone NOT NULL,
    updated_at timestamp with time zone NOT NULL,
    company_name_ar character varying(255) NOT NULL,
    company_name_en character varying(255) NOT NULL,
    investment_type character varying(255) NOT NULL,
    investment_type_other character varying(255) NOT NULL,
    job_title_ar character varying(255) NOT NULL,
    job_title_en character varying(255) NOT NULL,
    person_name_ar character varying(255) NOT NULL,
    person_name_en character varying(255) NOT NULL,
    owner_id integer,
    country character varying(100) NOT NULL,
    CONSTRAINT cards_businesscard_sequence_number_check CHECK ((sequence_number >= 0))
);


ALTER TABLE public.cards_businesscard OWNER TO business_cards;

--
-- Name: cards_businesscard_id_seq; Type: SEQUENCE; Schema: public; Owner: business_cards
--

ALTER TABLE public.cards_businesscard ALTER COLUMN id ADD GENERATED BY DEFAULT AS IDENTITY (
    SEQUENCE NAME public.cards_businesscard_id_seq
    START WITH 1
    INCREMENT BY 1
    NO MINVALUE
    NO MAXVALUE
    CACHE 1
);


--
-- Name: django_admin_log; Type: TABLE; Schema: public; Owner: business_cards
--

CREATE TABLE public.django_admin_log (
    id integer NOT NULL,
    action_time timestamp with time zone NOT NULL,
    object_id text,
    object_repr character varying(200) NOT NULL,
    action_flag smallint NOT NULL,
    change_message text NOT NULL,
    content_type_id integer,
    user_id integer NOT NULL,
    CONSTRAINT django_admin_log_action_flag_check CHECK ((action_flag >= 0))
);


ALTER TABLE public.django_admin_log OWNER TO business_cards;

--
-- Name: django_admin_log_id_seq; Type: SEQUENCE; Schema: public; Owner: business_cards
--

ALTER TABLE public.django_admin_log ALTER COLUMN id ADD GENERATED BY DEFAULT AS IDENTITY (
    SEQUENCE NAME public.django_admin_log_id_seq
    START WITH 1
    INCREMENT BY 1
    NO MINVALUE
    NO MAXVALUE
    CACHE 1
);


--
-- Name: django_content_type; Type: TABLE; Schema: public; Owner: business_cards
--

CREATE TABLE public.django_content_type (
    id integer NOT NULL,
    app_label character varying(100) NOT NULL,
    model character varying(100) NOT NULL
);


ALTER TABLE public.django_content_type OWNER TO business_cards;

--
-- Name: django_content_type_id_seq; Type: SEQUENCE; Schema: public; Owner: business_cards
--

ALTER TABLE public.django_content_type ALTER COLUMN id ADD GENERATED BY DEFAULT AS IDENTITY (
    SEQUENCE NAME public.django_content_type_id_seq
    START WITH 1
    INCREMENT BY 1
    NO MINVALUE
    NO MAXVALUE
    CACHE 1
);


--
-- Name: django_migrations; Type: TABLE; Schema: public; Owner: business_cards
--

CREATE TABLE public.django_migrations (
    id bigint NOT NULL,
    app character varying(255) NOT NULL,
    name character varying(255) NOT NULL,
    applied timestamp with time zone NOT NULL
);


ALTER TABLE public.django_migrations OWNER TO business_cards;

--
-- Name: django_migrations_id_seq; Type: SEQUENCE; Schema: public; Owner: business_cards
--

ALTER TABLE public.django_migrations ALTER COLUMN id ADD GENERATED BY DEFAULT AS IDENTITY (
    SEQUENCE NAME public.django_migrations_id_seq
    START WITH 1
    INCREMENT BY 1
    NO MINVALUE
    NO MAXVALUE
    CACHE 1
);


--
-- Name: django_session; Type: TABLE; Schema: public; Owner: business_cards
--

CREATE TABLE public.django_session (
    session_key character varying(40) NOT NULL,
    session_data text NOT NULL,
    expire_date timestamp with time zone NOT NULL
);


ALTER TABLE public.django_session OWNER TO business_cards;

--
-- Data for Name: accounts_profile; Type: TABLE DATA; Schema: public; Owner: business_cards
--

COPY public.accounts_profile (id, phone, user_id) FROM stdin;
1	0943959774	1
\.


--
-- Data for Name: auth_group; Type: TABLE DATA; Schema: public; Owner: business_cards
--

COPY public.auth_group (id, name) FROM stdin;
\.


--
-- Data for Name: auth_group_permissions; Type: TABLE DATA; Schema: public; Owner: business_cards
--

COPY public.auth_group_permissions (id, group_id, permission_id) FROM stdin;
\.


--
-- Data for Name: auth_permission; Type: TABLE DATA; Schema: public; Owner: business_cards
--

COPY public.auth_permission (id, name, content_type_id, codename) FROM stdin;
1	Can add log entry	1	add_logentry
2	Can change log entry	1	change_logentry
3	Can delete log entry	1	delete_logentry
4	Can view log entry	1	view_logentry
5	Can add permission	2	add_permission
6	Can change permission	2	change_permission
7	Can delete permission	2	delete_permission
8	Can view permission	2	view_permission
9	Can add group	3	add_group
10	Can change group	3	change_group
11	Can delete group	3	delete_group
12	Can view group	3	view_group
13	Can add user	4	add_user
14	Can change user	4	change_user
15	Can delete user	4	delete_user
16	Can view user	4	view_user
17	Can add content type	5	add_contenttype
18	Can change content type	5	change_contenttype
19	Can delete content type	5	delete_contenttype
20	Can view content type	5	view_contenttype
21	Can add session	6	add_session
22	Can change session	6	change_session
23	Can delete session	6	delete_session
24	Can view session	6	view_session
25	Can add business card	7	add_businesscard
26	Can change business card	7	change_businesscard
27	Can delete business card	7	delete_businesscard
28	Can view business card	7	view_businesscard
29	Can add profile	8	add_profile
30	Can change profile	8	change_profile
31	Can delete profile	8	delete_profile
32	Can view profile	8	view_profile
\.


--
-- Data for Name: auth_user; Type: TABLE DATA; Schema: public; Owner: business_cards
--

COPY public.auth_user (id, password, last_login, is_superuser, username, first_name, last_name, email, is_staff, is_active, date_joined) FROM stdin;
2	pbkdf2_sha256$870000$2zhuWGwKPMqoMdMo786Dhf$53ayqSWHPEKoDZ58iYYJcah1ZQp9JwKg+NoBAFQolKw=	2026-07-15 12:48:11.91115+00	f	abdi8a	abdalrahman	shoshara	abdsii8a@gmail.com	f	t	2026-07-15 08:11:33.04514+00
1	pbkdf2_sha256$870000$xcj00ILEHGzbr7MYcQF8Bm$uJf0///e0xPi2JDMoGKDVZXQrJH7paU4Pm2ueh5kFbI=	2026-07-16 06:37:19.587011+00	t	admin	abd	alrahman	admin@mei.com	t	t	2026-07-15 07:29:10.380992+00
\.


--
-- Data for Name: auth_user_groups; Type: TABLE DATA; Schema: public; Owner: business_cards
--

COPY public.auth_user_groups (id, user_id, group_id) FROM stdin;
\.


--
-- Data for Name: auth_user_user_permissions; Type: TABLE DATA; Schema: public; Owner: business_cards
--

COPY public.auth_user_user_permissions (id, user_id, permission_id) FROM stdin;
\.


--
-- Data for Name: cards_businesscard; Type: TABLE DATA; Schema: public; Owner: business_cards
--

COPY public.cards_businesscard (id, sequence_number, person_name, job_title, company_name, mobile_numbers, emails, website, address, company_activity, raw_text, confidence, needs_review, review_notes, website_visit_note, duplicate_hash, status, front_image, back_image, created_at, updated_at, company_name_ar, company_name_en, investment_type, investment_type_other, job_title_ar, job_title_en, person_name_ar, person_name_en, owner_id, country) FROM stdin;
2315	284	Jawad Hamed	Sales Department	Roca	["+963 930 884 644", "+963 944 281 605", "+963 11 612 3343"]	["info@my-makan.com"]	https://www.roca.com			Jawad Hamed\nSales Department\n+963 930 884 644\n+963 944 281 605\n+963 11 6123343\ninfo@my-makan.com\nwww.roca.com	0.8	t	Company name inferred from website (Roca), but email domain is my-makan.com. '+963 11 6123343' appears to be a landline number and is not included in mobile_numbers. تم تحليل الموقع: https://www.roca.com	تم تحليل الموقع: https://www.roca.com	5f4bfea66c7e709dcb2e21b650bcbd34a855ec5d65d713e200557b02e2139032	needs_review	cards/front/e2_ooQH282.jpg		2026-07-15 12:18:53.315475+00	2026-07-15 12:18:53.332256+00		Roca	غير ذلك			Sales Department		Jawad Hamed	2	سوريا
2024	2	ناصر بن صالح الخليوي\nNasser Bin Saleh AlKelaiwi	الرئيس التنفيذي CEO	بودل للفنادق والمنتجعات	["+966 54 844 4442"]	["ceo@boudl.com"]		السعودية - الرياض	نشاط غير محدد		0	f			b19f1565b2591d3e26e33c96ca4150c25ded13c03eb70fe90423ca69dfe7786b	new			2026-07-05 06:41:00+00	2026-07-15 10:56:40.016465+00	بودل للفنادق والمنتجعات		غير ذلك		الرئيس التنفيذي CEO		ناصر بن صالح الخليوي	Nasser Bin Saleh AlKelaiwi	1	السعودية
2027	5	يلماز أيدن\nYILMAZ AYDIN	رئيس لجنة القطاعات الصحية Head of Health Sectors Committee	اسكون ASKON	["902124815550"]	["posta@askon.org.tr"]		تركيا - اسطنبول	صحي - قطاع صحي		0	f			013bb59f5db473a65ef19dad7b1777712b83d52e8a7db00dd631d6008d6d3281	new			2026-07-05 06:41:00+00	2026-07-15 10:56:40.02259+00	اسكون ASKON		غير ذلك		رئيس لجنة القطاعات الصحية Head of Health Sectors Committee		يلماز أيدن	YILMAZ AYDIN	1	تركيا
2031	9	ساروهان أنور بالابان\nsaruhan enver balaban	غير محدد Not specified	الغرفة الإسلامية للتجارة والتنمية	["+966 5322819664"]	["sbalaban@bmcgates.com"]	https://www.bmcgates.com	تركيا - أنقرة	نشاط غير محدد		0	f			5aa0e074f9b47b4b79abfe74a4286c21188848048fa91abd6082f902695d2244	new			2026-07-05 06:41:00+00	2026-07-15 10:56:40.030401+00	الغرفة الإسلامية للتجارة والتنمية		غير ذلك		غير محدد Not specified		ساروهان أنور بالابان	saruhan enver balaban	1	تركيا
2032	283	مراد سيلا Murat SELA	المدير العام General Manager	أسمنت أوياك OYAK CEMENT	["+90 532 355 78 42", "+966 5506510", "+90 312 220 02 90"]	["msela@oyakcimento.com"]		Çukurambar Mahallesi 1480. Sokak No: 2A/55 06510 Çankaya ANKARA TÜRKİYE	صناعات اسمنتية		0	f			496f1492d69993dbb69c7f255c1c5b82bf106446f310b964f2cff6b707fd8ae2	new			2026-07-09 00:53:00+00	2026-07-15 10:56:40.03356+00	أسمنت أوياك OYAK CEMENT		المؤسسة العامة للصناعات الهندسية		المدير العام General Manager		مراد سيلا Murat SELA		1	تركيا
2033	282	محمد صديق يلدريم Mehmet Sıddık YILDIRIM	مدير مكتب سوريا Syria Country Manager	شركة ناكاس القابضة NAKKAS HOLDING	["+90 537 338 31 94", "+963 988 295 962", "963988295962", "+90 216 275 77 00", "+90 216 275 77 05"]	["siddik.yildirim@nakkasholding.com.tr"]	https://www.nakkasholding.com.tr	Kuzguncuk Mah. Gümüşyolu Çıkmazı Sok. No:5 Üsküdar, İstanbul, TÜRKİYE	أعمال التعدين وقطع الصخور، المسح الجيولوجي، الاستكشاف، حفر الآبار والأنفاق		0	f			c74f6873a0e313e3e9706c02ce8a7ac5eda218a072300a180414e178e9179849	new			2026-07-09 00:52:00+00	2026-07-15 10:56:40.036223+00	شركة ناكاس القابضة NAKKAS HOLDING		هيئة ادارة المعادن النبيلة وهيئة المواصفات و المقاييس		مدير مكتب سوريا Syria Country Manager		محمد صديق يلدريم Mehmet Sıddık YILDIRIM		1	تركيا
2035	280	حسين إمره أوزر Hüseyin Emre UZER	مدير عمليات الاندماج والاستحواذ Mergers and Acquisitions (M&A) Director	أوياك OYAK	["+90 532 327 28 46", "+966 6406600", "+966 3124156099", "+966 5323272846"]	["heuzer@oyak.com.tr"]	https://www.oyak.com.tr	Ziya Gökalp Cad. No:64 06600 Kurtuluş Çankaya/Ankara/TÜRKİYE	التعدين والمعادن إلى السيارات والخدمات اللوجستية والمواد الكيميائية والزراعة والطاقة والتمويل والغذاء والأسمنت والخرسانة والورق		0	f			d2aada612dabe99b8431cd816be22f31a6818ef5a3c1f50b7b7e0181e8bb50d6	new			2026-07-09 00:50:00+00	2026-07-15 10:56:40.039766+00	أوياك OYAK		المؤسسة العامة للصناعات الهندسية		مدير عمليات الاندماج والاستحواذ Mergers and Acquisitions (M&A) Director		حسين إمره أوزر Hüseyin Emre UZER		1	تركيا
2037	278	عمار سارية الرفاعي\nAmmar Sariyah Al-Rifa'i			["+90 555 555 50 90"]	["[\\"[]\\"]"]					0	f			439961205ae6a0f6211a945811e5164c5fa13e636b2af47b572bc46413ac8605	new			2026-07-06 07:51:00+00	2026-07-15 10:56:40.042814+00			غير ذلك				عمار سارية الرفاعي	Ammar Sariyah Al-Rifa'i	1	تركيا
2109	55	د.عمرو طالب\nDr.Amro Taleb	مدير عام General Manager	كانا غولف Cana Golf	["971568378953"]	["a.taleb@canagulf.com"]	https://www.canagulf.com	الإمارات - دبي	كانا جلف لتوحيد المقاييس والمواصفات		0	f			7d98b965797419a08a5ccb928585160046cde3dc709b633a89b2014504205362	new			2026-07-05 06:41:00+00	2026-07-15 10:56:40.164065+00	كانا غولف Cana Golf		غير ذلك		مدير عام General Manager		د.عمرو طالب	Dr.Amro Taleb	1	الإمارات
2232	173	عمر بربور\nOmar Barbour	مدير Manager	كابباني باربور غروب kabbani&barbour group	["963988882000"]	["omar@alamalpress.com"]		الأردن /سوريا - غير محدد	نشاط غير محدد		0	f			849853903f456679b4701709ecf0bfbfce597ec60ee4f814697ebfba771a98b9	new			2026-07-05 06:41:00+00	2026-07-15 10:56:40.356038+00	كابباني باربور غروب kabbani&barbour group		غير ذلك		مدير Manager		عمر بربور	Omar Barbour	1	سوريا
2059	256	جواد حامد Jawad Hamed	قسم المبيعات Sales Department	مكان غروب MAKAN GROUP	["+963 930 884 644", "+963 944 281 605", "+963 11 612 3343"]	["info@my-makan.com"]	https://www.roca.com		وكيل حصري لـ أرماني / روكا\nتصنيع مشعات من الحديد الزهر للتدفئة المنزلية		0	f			5f4bfea66c7e709dcb2e21b650bcbd34a855ec5d65d713e200557b02e2139032	new			2026-07-06 01:51:00+00	2026-07-15 10:56:40.079304+00	مكان غروب MAKAN GROUP		المؤسسة العامة للصناعات الهندسية		قسم المبيعات Sales Department		جواد حامد Jawad Hamed		1	سوريا
2061	10	علي عبد الفتاح جعفر\naly abdelfatth Gaafar	الرئيس التنفيذي CEO	سامي روك	["+966 12 607 7336", "+966 50 085 9050", "+966 12 607 9499"]	["agaafar@samirock.com"]		المملكة العربية السعودية - جدة	هيئة ادارة المعادن النبيلة وهيئة المواصفات و المقاييس		0	f			bb98599294af58c0b63c6ed700e8268682bdd5e50bfdadb93a72dad5db37aef4	new			2026-07-05 06:41:00+00	2026-07-15 10:56:40.082703+00	سامي روك		هيئة ادارة المعادن النبيلة وهيئة المواصفات و المقاييس		الرئيس التنفيذي CEO		علي عبد الفتاح جعفر	aly abdelfatth Gaafar	1	السعودية
2062	11	رشدي حسام\nRwechdi Husam	مدير Manager	يللينغتون Ellington	["85515455205", "85515455204"]	["husam_arw@yahoo.com", "ellingtonproperty1@gmail.com"]	https://ellingtonmarket.com/ellington-property.com	كمبوديا - بنوم بنه	استثماري وتجاري		0	f			639a589d6ad2b8a2b6ef628cbf44b86856224a8d85e37fb00e91dab0555124e4	new			2026-07-05 06:41:00+00	2026-07-15 10:56:40.084215+00	يللينغتون Ellington		مؤسسة الصناعات الغذائية		مدير Manager		رشدي حسام	Rwechdi Husam	1	كمبوديا
2063	12	أسامة محيسن\nOsama Mohissen	مدير محفظة mdyr mhfza	Al Muhaidib المهيدب	["+966 13 845 5256", "+966 50 246 3511"]	["osams.mohissen@muhaidib.com"]	https://www.muhaidib.com	المملكة العربية السعودية - ضمام	استثماري		0	f			a589865877340238bd148693fc9f7c09a76e170558f8a4e4bccc84991159c5fa	new			2026-07-05 06:41:00+00	2026-07-15 10:56:40.085627+00	Al Muhaidib المهيدب		المؤسسة العامة للصناعات الهندسية		مدير محفظة mdyr mhfza		أسامة محيسن	Osama Mohissen	1	السعودية
2070	19	مراد يالشين تاش\nMurat Yalçıntaş	مدير عام General Manager	وياك Oyak	["+966 3124156203", "+966 5359662618"]	["myalcintas@oyak.com.tr"]	https://www.oyak.com.tr	تركيا - أنقرة	تكتل صناعي واستثماري		0	f			4358b7250dfd4a88f81b0282be1da305c94bad440a0b1c70c0da305385df367e	new			2026-07-05 06:41:00+00	2026-07-15 10:56:40.095474+00	وياك Oyak		المؤسسة العامة للصناعات الهندسية		مدير عام General Manager		مراد يالشين تاش	Murat Yalçıntaş	1	تركيا
2071	20	فيصل عبدالله الخالدي\nFaisal Abdullah Alkhaldi	رئيس مجلس الادارة Chairman of the Board of Directors	فاز للاستثمار	["+966 50 580 8802"]	["faisal@fazinvest.sa"]	https://www.fazinvest.sa	المملكة العربية السعودية - العقربية	استثماري		0	f			d40ab81bf56990703c5c1e91d72b9f6c73964d1f8dcfccdd1d5221a647bdd011	new			2026-07-05 06:41:00+00	2026-07-15 10:56:40.096844+00	فاز للاستثمار		غير ذلك		رئيس مجلس الادارة Chairman of the Board of Directors		فيصل عبدالله الخالدي	Faisal Abdullah Alkhaldi	1	السعودية
2085	32	تاج الدين القيسي\nTaj Al Din Al Qaisi	مدير العمليات والمخاطر mdyr alamlyat walmkhatr	تشيمونيكس chemonics	["963933669955"]	["talkaisi@chemonics.com"]		سورية - غير محدد	نشاط غير محدد		0	f			692a89cd08d90fe158dccb2486c15e7627e70b43c13e8d06feb5a0a34dcad5c8	new			2026-07-05 06:41:00+00	2026-07-15 10:56:40.126843+00	تشيمونيكس chemonics		غير ذلك		مدير العمليات والمخاطر mdyr alamlyat walmkhatr		تاج الدين القيسي	Taj Al Din Al Qaisi	1	سوريا
2086	33	م. وائل الجندلي\nEng. Wael aljndly	المدير العام General Manager	apsحلول الطاقة المتقدمة	["+966 9598 12006"]	["wael@apsgroup-power.com"]	https://www.apsgroup-power.com	سورية - دمشق	مولدات كهربائية /بطاريات /وحدات عدم انقطاع التيار/ أنظمة طاقة شمسية		0	f			3c77d5d421af66fe756a2de53cd28f6acdff018b5ca74d9837f7c7437e650561	new			2026-07-05 06:41:00+00	2026-07-15 10:56:40.128252+00	apsحلول الطاقة المتقدمة		المؤسسة العامة للصناعات الهندسية		المدير العام General Manager		م. وائل الجندلي	Eng. Wael aljndly	1	سوريا
2087	34	م. عدنان سيف\nEng. Adnan syf	المدير العام General Manager	يجاز ijaz	["+966 9655713211"]	["adnan@geracia.com"]	https://www.eijaz.co	الكويت - غير محدد	نشاط غير محدد		0	f			47bd141f9c8c5e224141bbb9745c82c29de35b9e9d8822e46f3533ffcceb0791	new			2026-07-05 06:41:00+00	2026-07-15 10:56:40.129737+00	يجاز ijaz		غير ذلك		المدير العام General Manager		م. عدنان سيف	Eng. Adnan syf	1	الكويت
2088	35	د. عامر المرادني\nDr. Amer almradny	المدير العام General Manager	دعائم للاستشارات الهندسية	["963930309088"]	["amer@daaem-group.com"]		سورية - غير محدد	استشارات هندسية		0	f			9735ee9116c7fbd67ed2ca38d86d4fa1d2c41ebc4fd816dc48c3a10d6483a685	new			2026-07-05 06:41:00+00	2026-07-15 10:56:40.131091+00	دعائم للاستشارات الهندسية		المؤسسة العامة للصناعات الهندسية		المدير العام General Manager		د. عامر المرادني	Dr. Amer almradny	1	سوريا
2030	8	عبد السلام الكرنازي\nAbdul Salam Alkernazy	المدير العام General Manager	اغروغراينس Agrograins	["20201000044146", "201000044146"]	["abdelsalam.alkernazy@agrograins.com"]	https://www.DSTEEL.NET	مصر - القاهرة	نشاط غير محدد		0	f			7d625aaf5ec08f86dc215048fd362ff335c7626d56ebdfd77325719dd14cdc58	new			2026-07-05 06:41:00+00	2026-07-15 10:56:40.134873+00	اغروغراينس Agrograins		غير ذلك		المدير العام General Manager		عبد السلام الكرنازي	Abdul Salam Alkernazy	1	مصر
2090	36	محمد أمين عزاوي\nMohammed Amine Azzaoui	إدارة الاستشارات والنشر والتكنولوجيا Consulting, Publishing and Technology Department	ورغانيساتيون وف يسلاميك كوبيراتيون ORGANISATION OF ISLAMIC COOPERATION	["903124686172"]	["mazzaoui@sesric.org"]	https://www.sesric.org	تركيا - أنقرة	منظمة - منظمة التعاون الإسلامي		0	f			bf0269d9a6113a7603fc364a9129c05343267a77bc14ee8b8e94bbb2dccf0aa6	new			2026-07-05 06:41:00+00	2026-07-15 10:56:40.136283+00	ورغانيساتيون وف يسلاميك كوبيراتيون ORGANISATION OF ISLAMIC COOPERATION		غير ذلك		إدارة الاستشارات والنشر والتكنولوجيا Consulting, Publishing and Technology Department		محمد أمين عزاوي	Mohammed Amine Azzaoui	1	تركيا
2091	37	نضال مفلح\nNedal Mufleh	نائب الرئيس Vice President	الخزائن الاحترافية	["+966 50 438 4968"]	["nedal@profclosets.com"]	https://www.profclosets.com	غير محدد - غير محدد	نشاط غير محدد		0	f			946abd7fccb1427455aa2b2aaf5b17e7938e44d081ff1de8d4aeaeec38371e41	new			2026-07-05 06:41:00+00	2026-07-15 10:56:40.137687+00	الخزائن الاحترافية		غير ذلك		نائب الرئيس Vice President		نضال مفلح	Nedal Mufleh	1	السعودية
2092	38	أدريان بلانشيت\nAdrian Blanchette	رئيس العمليات /رئيس البنية التحتية الحيوية والخدمات الحكومية Chief Operating Officer / Head of Critical Infrastructure and Government Services	غاردا نورلد GARDA NORLD	["971585689936"]	["adrian.blanchette@garda-federal.com"]	https://www.garda.com	الإمارات - دبي	نشاط غير محدد		0	f			7070b659bf37ac077c375d687af61b697c3fdfa21d60a35521b619298c1ca176	new			2026-07-05 06:41:00+00	2026-07-15 10:56:40.139031+00	غاردا نورلد GARDA NORLD		غير ذلك		رئيس العمليات /رئيس البنية التحتية الحيوية والخدمات الحكومية Chief Operating Officer / Head of Critical Infrastructure and Government Services		أدريان بلانشيت	Adrian Blanchette	1	الإمارات
2093	39	محمد البقور\nMohammad albqwr	رئيس قسم الدائرة التجارية (الإسمنت) Head of Commercial Department (Cement)	مجمع المناصير الصناعي	["962791993105"]	["m.bqour@manaseer-ic.com"]	https://www.manaseergroup.com	الأردن - عمان	إسمنت		0	f			93b4359c74e096be904783b2e330be006e95d3ae3867807941b948e6797a48b6	new			2026-07-05 06:41:00+00	2026-07-15 10:56:40.14063+00	مجمع المناصير الصناعي		المؤسسة العامة للصناعات الكيميائية		رئيس قسم الدائرة التجارية (الإسمنت) Head of Commercial Department (Cement)		محمد البقور	Mohammad albqwr	1	الأردن
2095	41	بايبارس ألتونتاش\nbaybars altuntas	رئيس مجلس الإدارة Chairman	وباف WBAF	[]	["baybars.altuntas@wbaforum.org"]	https://www.Wbaforum.org	غير محدد - غير محدد	نشاط غير محدد		0	t			136a3306f52031f06f7c412ea2f315f7a8c088cdcdcf21d9276a641a64e185e6	needs_review			2026-07-05 06:41:00+00	2026-07-15 10:56:40.143393+00	وباف WBAF		غير ذلك		رئيس مجلس الإدارة Chairman		بايبارس ألتونتاش	baybars altuntas	1	
2096	42	عمار الخيمي\nAmmar Al Khaimi	رئيس مجلس الإدارة Chairman\nGeneral Manager	مدرسة الرؤية الجديدة\nStarway Trading Co.	["963944216833", "+963 944 216 833", "+963 11 223 6765", "+966 2212324", "+966 2214822", "+963 11 222 0549"]	["ammar.alkhiami@gmail.com", "starway.ammar@gmail.com", "starway.com@gmail.com", "ammaralkhiami@hotmail.com"]	https://www.nvs-edu.co	غير محدد - غير محدد	مديرية الاشراف على التاهيل الفني		0	f			e2523680fe0cde1e37b7e969deef73c47e16c4c52ede7184b56536439764ba98	new			2026-07-05 06:41:00+00	2026-07-15 10:56:40.144913+00	مدرسة الرؤية الجديدة	Starway Trading Co.	مديرية الاشراف على التاهيل الفني		رئيس مجلس الإدارة Chairman	General Manager	عمار الخيمي	Ammar Al Khaimi	1	سوريا
2097	43	غطفان عجوب\nGhadfan Ajjoub	الممثل المقيم Resident Representative	شبكة الآغا خان للتنمية	["963933214261"]	["ghadfan.ajjoub@akdan.org"]	https://www.the.akdan	سوريا - دمشق	نشاط غير محدد		0	f			c118b4d3af11ca247e9c0a9daed8de3f7b0eb7641cd0f268c54b49ff3f3afb1c	new			2026-07-05 06:41:00+00	2026-07-15 10:56:40.146284+00	شبكة الآغا خان للتنمية		غير ذلك		الممثل المقيم Resident Representative		غطفان عجوب	Ghadfan Ajjoub	1	سوريا
2098	44	أنتوني دباهي\nِAnthony Debahy	غير محدد Not specified	ستيك تيك	["96171012912"]	["a.debahy@ferlink.com"]	https://www.steeltechsyria.com	سوريا - دمشق	نشاط غير محدد		0	f			23f6cbb6976e82d239133a9ddfa3d80e206583829f1f926df31a1c57fc789ed7	new			2026-07-05 06:41:00+00	2026-07-15 10:56:40.148129+00	ستيك تيك		غير ذلك		غير محدد Not specified		أنتوني دباهي	ِAnthony Debahy	1	سوريا
2099	45	ا رضوان آغا أوغلو\nA. Ridvan AGAOGLU	نائب الرئيس Vice President	رئاسة جمهورية تركيا/رئاسة الاستراتيجية والميزانية	["+966 3122945380"]	["ridvan.agaoglu@sbb.gov.tr"]		تركيا - أنقرة	نشاط غير محدد		0	f			f99cdb5f9558a1534bd3f779cd1cd87f6c29c9de4c3eab44bc357f38ba3237f9	new			2026-07-05 06:41:00+00	2026-07-15 10:56:40.149615+00	رئاسة جمهورية تركيا/رئاسة الاستراتيجية والميزانية		غير ذلك		نائب الرئيس Vice President		ا رضوان آغا أوغلو	A. Ridvan AGAOGLU	1	تركيا
2245	186	منصور قشلان\nMunsoor Kachlan	المدير التنفيذي almdyr altnfydhy	كاشلان غروب Kashlan Group	["93119878"]	["munsoor@kashlan.com"]	https://www.kashlan.com	غير محدد - غير محدد	نشاط غير محدد		0	f			aa0eb24753c9cd77a019f856c9aaddf3f13d48fef2121bf2d48f070b606c2284	new			2026-07-05 06:41:00+00	2026-07-15 10:56:40.375535+00	كاشلان غروب Kashlan Group		غير ذلك		المدير التنفيذي almdyr altnfydhy		منصور قشلان	Munsoor Kachlan	1	
2296	236	مصعب تيسير شاكر\nMusab Tayseer Shaker	غير محدد Not specified	شركة شاكر وشركائه	["+966 9442 21892"]	[]		سوريا - حماة	نشاط غير محدد		0	f			dc6736405896cfd40668894df10aa2127057f7567c3d58edf02e01dd22bb95ed	new			2026-07-05 06:41:00+00	2026-07-15 10:56:40.452742+00	شركة شاكر وشركائه		غير ذلك		غير محدد Not specified		مصعب تيسير شاكر	Musab Tayseer Shaker	1	سوريا
2100	46	محمد بركة\nMohammed baraka	محلل سياسات Policy Analyst	ويكد OECD	["330145249899"]	["mouhammad.baraka@oecd.org"]	https://www.oecd.org	غير محدد - غير محدد	منظمة التعاون الاقتصادي والتنمية منتدى ومركز معرفي للبيانات والتحليلات في مجال السياسات العامة		0	f			2d78a49cea5781e09300c3d798f76f4b6d9e2d46119682e3a076bf233d96ede2	new			2026-07-05 06:41:00+00	2026-07-15 10:56:40.150995+00	ويكد OECD		غير ذلك		محلل سياسات Policy Analyst		محمد بركة	Mohammed baraka	1	فرنسا
2101	47	محمد اللهو\nmohammad Allahou	أخصائي التمويل المستدام والقطاع الخاص-المكتب الإقليمي للدول العربية Sustainable Finance and Private Sector Specialist - Regional Bureau for Arab States	برنامج الأمم المتحدة الإنمائي	["19294002257"]	["mohammad.allahou@undp.org"]	https://www.undp.org/arab-states	الولايات المتحدة الأميركية - نيويورك	نشاط غير محدد		0	f			6211116311a778f48b6d8ba0ecd180206948f1129c8571c9e4e9910409aa11e2	new			2026-07-05 06:41:00+00	2026-07-15 10:56:40.152425+00	برنامج الأمم المتحدة الإنمائي		غير ذلك		أخصائي التمويل المستدام والقطاع الخاص-المكتب الإقليمي للدول العربية Sustainable Finance and Private Sector Specialist - Regional Bureau for Arab States		محمد اللهو	mohammad Allahou	1	الولايات المتحدة
2102	48	حسن فلاحة\nHasan fallaha	أخصائي برامج التعافي الاقتصادي والاجتماعي والتنمية الاجتماعية akhsayy bramj altaafy alaqtsady walajtmaay waltnmya alajtmaaya	برنامج الأمم المتحدة الإنمائي	["963958880121"]	["hasan.fallaha@undp.org"]	https://www.undp.org/syria	سوريا - دمشق	نشاط غير محدد		0	f			4ffd777c76bbf92459b4ba42baafaff48dc70598f82badb71545f6e25405037f	new			2026-07-05 06:41:00+00	2026-07-15 10:56:40.153872+00	برنامج الأمم المتحدة الإنمائي		غير ذلك		أخصائي برامج التعافي الاقتصادي والاجتماعي والتنمية الاجتماعية akhsayy bramj altaafy alaqtsady walajtmaay waltnmya alajtmaaya		حسن فلاحة	Hasan fallaha	1	سوريا
2104	50	أمره غورلييك\nEmre Gurleyik	خبير Expert	كوسغيب KOSGEB	["903125952800"]	["emre.gurleyik@kosgeb.gov.tr"]	https://www.kosgeb.gov.tr	غير محدد - غير محدد	منظمة تطوير المؤسسات المتوسطة والصغيرة		0	f			681794d48c9c7539a572111b7c9602c4e22352eb4e39151896842e45de1b6c03	new			2026-07-05 06:41:00+00	2026-07-15 10:56:40.156736+00	كوسغيب KOSGEB		غير ذلك		خبير Expert		أمره غورلييك	Emre Gurleyik	1	تركيا
2234	175	رامي الرحمون\nRAMY ALRAHMON	مدير Manager	فور سيزونز Four Seasons	["436641215535"]	["info@fourseasons-kaprun.com"]		غير محدد - غير محدد	إدارة العقارات /فور سيزونز		0	f			c3f1854253c18d26ca400983134206615ce19a1eb60090465c8d02ab30de185e	new			2026-07-05 06:41:00+00	2026-07-15 10:56:40.359082+00	فور سيزونز Four Seasons		غير ذلك		مدير Manager		رامي الرحمون	RAMY ALRAHMON	1	
2259	200	فهد الشمري\nfahad Al shammari	المدير التنفيذي almdyr altnfydhy	أكو باور	["+966 50 681 1131"]	["falshammari@acwapower.com"]		السعودية - الرياض	تطوير الأعمال		0	f			3612ab819dd158c0944172071cc32fb4c68e4fb5efed7724a97f295437f46ad5	new			2026-07-05 06:41:00+00	2026-07-15 10:56:40.395512+00	أكو باور		غير ذلك		المدير التنفيذي almdyr altnfydhy		فهد الشمري	fahad Al shammari	1	السعودية
2064	13	محمود مصطفى\nMahmud Mustafa	رئيس President	موسياد MUSIAD	["905442977770"]	["suriye@musiad.org.tr"]	https://musiad.org.tr	تركيا - غازي عينتاب	استثماري		0	f			ffe4fe7746bd4d3eb6b151ba7046035c43159fed4ba50e894effbc0bd3c4f599	new			2026-07-05 06:41:00+00	2026-07-15 10:56:40.086987+00	موسياد MUSIAD		غير ذلك	تشمل مجالات العقارات والصحة والسياحة والزراعة والتكنولوجيا.	رئيس President		محمود مصطفى	Mahmud Mustafa	1	تركيا
2065	14	عثمان نوري\nOsman Nuri ÖNÜGÖREN	رئيس President	مون ياتıرıم ا ş MON Yatırım A.Ş	["905332053333"]	["osman@moninvestment.com"]	https://moninvestment.com	تركيا - اسطنبول	استثماري		0	f			f2547c4844c6d06e4aace5b9b3d0532f868173a506d12396ce72813b764cfec6	new			2026-07-05 06:41:00+00	2026-07-15 10:56:40.08842+00	مون ياتıرıم ا ş MON Yatırım A.Ş		غير ذلك	الزراعة، والدفاع، والتعدين	رئيس President		عثمان نوري	Osman Nuri ÖNÜGÖREN	1	تركيا
2066	15	عماد علي مغربي\nEmad Ali Maghrabi	مدير عام General Manager	صافولا	["+966 12 608 9355"]	["emaghrabi@savola.com"]	https://www.savola.com	المملكة العربية السعودية - غير محدد	غذائي		0	f			3c2c20a1d72aed6612940042cd2dfb723c25f3f988944500769feec73d7ea16a	new			2026-07-05 06:41:00+00	2026-07-15 10:56:40.08978+00	صافولا		مؤسسة الصناعات الغذائية		مدير عام General Manager		عماد علي مغربي	Emad Ali Maghrabi	1	السعودية
2067	16	عمرو جادالله\nAmr Gadallah	المدير التنفيذي almdyr altnfydhy	صافولا	["+966 12 608 9228", "+966 55 147 4854"]	["agadallah@savola.com"]	https://www.savola.com	المملكة العربية السعودية - غير محدد	غذائي		0	f			b9a5c1005ab62a1d8d3b0797f879890a6614d0e0fd8a384ee881815aae3e617c	new			2026-07-05 06:41:00+00	2026-07-15 10:56:40.091222+00	صافولا		مؤسسة الصناعات الغذائية		المدير التنفيذي almdyr altnfydhy		عمرو جادالله	Amr Gadallah	1	السعودية
2068	17	زياد بن سليمان القاسم\nZiyad S.Al Qassim	شريك أول Senior Partner	ميثاق	["+966 56 428 6707"]	["ziyad.alqassim@mithaqlaw.com"]	https://mithaqlaw.com	المملكة العربية السعودية - دمام	استشارات قانونية وشركات		0	f			0ba86c7d2aa54835a3a10abc844b81e901616f9671c1d0cf9e81e0453a833b32	new			2026-07-05 06:41:00+00	2026-07-15 10:56:40.092687+00	ميثاق		غير ذلك		شريك أول Senior Partner		زياد بن سليمان القاسم	Ziyad S.Al Qassim	1	السعودية
2069	18	شعلان الشمري\nShaalan Alshammari	مدير Manager	فاز للاستثمار	["+966 50 760 4697"]	["shaalan@fazinvest.sa"]	https://www.fazinvest.sa	المملكة العربية السعودية - غير محدد	استثماري		0	f			d925ab2a39f5dad0cae80978a6ebe6078009dd3b3e8ac11fe3656e72abbd2130	new			2026-07-05 06:41:00+00	2026-07-15 10:56:40.094029+00	فاز للاستثمار		المؤسسة العامة للصناعات الهندسية		مدير Manager		شعلان الشمري	Shaalan Alshammari	1	السعودية
2079	26	منهل الفارس\nmanhal alfares	غير محدد Not specified	غزت غروب GZT GROUP	["905528055000"]	["info@gzt-group.com"]	https://www.gzt-group.com	غير محدد - غير محدد	نشاط غير محدد		0	f			49c12e80e368beeee299ab5d88c99393cdcf1a6c82912c81703c9b014fad9955	new			2026-07-05 06:41:00+00	2026-07-15 10:56:40.118277+00	غزت غروب GZT GROUP		غير ذلك		غير محدد Not specified		منهل الفارس	manhal alfares	1	تركيا
2072	21	طارق حلواني\nTarek Halwani	مدير تطوير الاعمال mdyr ttwyr alaamal	مونليغت moonLIGHT	["+966 9442 12117"]	["tarek@moonlight-sy.com"]	https://www.moonlight-sy.com	سورية - دمشق	صناعي او خارجي		0	f			f87bc903289c5a1699483576ff5ea6114ebd563b25777776206c6fbe68c0a99f	new			2026-07-05 06:41:00+00	2026-07-15 10:56:40.098863+00	مونليغت moonLIGHT		المؤسسة العامة للصناعات الهندسية		مدير تطوير الاعمال mdyr ttwyr alaamal		طارق حلواني	Tarek Halwani	1	سوريا
2026	4	حسن قاسم\nHASAN KASEM	مدير عام/مدير تنفيذي General Manager / Executive Director	مون لايت Moon light	["963992333450", "+966 11 345 0810", "+966 9923 33450"]	["hasan@moonlingt-sy.com"]	https://www.moonlight-sy.com	سوريا - دمشق	شركة تجارية		0	f			260c42a0c105c90f50826738ade6691c6faf3182d528ce9e53a39072dbbf1fc6	new			2026-07-05 06:41:00+00	2026-07-15 10:56:40.106205+00	مون لايت Moon light		غير ذلك		مدير عام/مدير تنفيذي General Manager / Executive Director		حسن قاسم	HASAN KASEM	1	سوريا
2075	22	ليث الخطيب\nLayth Alkhateeb	رئيس تنفيذي CEO	سكيل SCIL	["8613802940009"]	["info@scil-machinery.com"]	https://WWW.scil-machinery.com	الصين - غير محدد	هي شركة  لتصنيع ماكينات تعبئة المشروبات بمقاييس تايوانية		0	f			ccd3fef3edc558186f3e4cccf97cec5085a189f9f89da9bb3bb851b31b823e30	new			2026-07-05 06:41:00+00	2026-07-15 10:56:40.111892+00	سكيل SCIL		غير ذلك		رئيس تنفيذي CEO		ليث الخطيب	Layth Alkhateeb	1	الصين
2076	23	أحمد غورلك\nAhmet Gurlek	المدير العام General Manager	غتي GTI	["+966 3122188200"]	["agurlek@gtias.com.tr"]	https://WWW.gtias.com.tr	تركيا - أنقرة	تحديث المعابر الحدودية وفق نموذج "البناء والتشغيل والتحويل		0	f			c041b10071cb800aa1fc3b5b3496822cea01529aa65973f415847fe04768038f	new			2026-07-05 06:41:00+00	2026-07-15 10:56:40.113691+00	غتي GTI		غير ذلك		المدير العام General Manager		أحمد غورلك	Ahmet Gurlek	1	تركيا
2077	24	بسام سلطان\nBassam Sultan	مدير Manager	يد EID	["+966 9333 31153"]	["bsultan53@gmail.com"]		سورية - دمشق	صناعة وتجارة الألبسة وتجارة عامة		0	f			14556f15a8ebd33bb72376c78f4d45201291dbb32428a74205f13ec8a3155f96	new			2026-07-05 06:41:00+00	2026-07-15 10:56:40.115235+00	يد EID		المؤسسة العامة للصناعات النسيجية		مدير Manager		بسام سلطان	Bassam Sultan	1	سوريا
2078	25	طلال عبدالباقي\nTalal Abdulbaqi	مديرتنفيذي Executive Director	غروبي رينو GROUPE RENAULT	["+966 9660 00007"]	["talal.abdulbaki@abdulbaki.sy"]		سورية - دمشق حرستا طريق الوكالات	نشاط غير محدد		0	f			5bceaf6b2cd337e11cb9a25fe571e0a86ed1e22f9bf9061bf4ff760168835161	new			2026-07-05 06:41:00+00	2026-07-15 10:56:40.11672+00	غروبي رينو GROUPE RENAULT		غير ذلك		مديرتنفيذي Executive Director		طلال عبدالباقي	Talal Abdulbaqi	1	سوريا
2080	27	أرسان سن تورك\nErsan senturk	غير محدد Not specified	توبب بيس tobb bis	["905322102017"]	["ersan.senturk@tobb-bis.com"]	https://www.tobb-bis.cominfo@tobb-bis.com	تركيا - أنقرة	نشاط غير محدد		0	f			0489ef6d991269a0d52c7ef11f7ce57a1f1c36773628bff968f7ff85d4ead046	new			2026-07-05 06:41:00+00	2026-07-15 10:56:40.119744+00	توبب بيس tobb bis		غير ذلك		غير محدد Not specified		أرسان سن تورك	Ersan senturk	1	تركيا
2081	28	غوفين ساك\nguven sak	غير محدد Not specified	تيباي tepay	["905336687989"]	["guven.sak@tepay.org.tr"]	https://www.tepay.org.tr	تركيا - أنقرة	نشاط غير محدد		0	f			2563e0f93edcd046c75a55a901915b2365bebb54611072e1ca36737ebb779962	new			2026-07-05 06:41:00+00	2026-07-15 10:56:40.121103+00	تيباي tepay		غير ذلك		غير محدد Not specified		غوفين ساك	guven sak	1	تركيا
2082	29	محمد بيان\nMohammad Bayan	علاقات عامة Public Relations	اااق AAAQ	["+966 9678 08003"]	["m.bayan@aaaqest.com"]	https://syr@aaaqest.com	سورية - دمشق البحصة	نشاط غير محدد		0	f			c1c3e88719ce495725ef5136177929670e9ca78228ee9aa9fcb522b5a631a66d	new			2026-07-05 06:41:00+00	2026-07-15 10:56:40.122616+00	اااق AAAQ		غير ذلك		علاقات عامة Public Relations		محمد بيان	Mohammad Bayan	1	سوريا
2083	30	نيتشولاس ج كالليندير\nNicholas j.callender	غير محدد Not specified	ثي وورلد بنك the world bank	["12027798682"]	["ncallender@worldbank.org"]	https://www.worldbank.org/urban	الولايات المتحدة - غير محدد	نشاط غير محدد		0	f			9d71243820fada34645f6161696ca7aa3b9e423151a83435de45e35a776cc6f8	new			2026-07-05 06:41:00+00	2026-07-15 10:56:40.124089+00	ثي وورلد بنك the world bank		غير ذلك		غير محدد Not specified		نيتشولاس ج كالليندير	Nicholas j.callender	1	الولايات المتحدة
2084	31	د.كاثرين توفي\nDr. Katherine Tofi	مديرة قطاع الممارسات الحضرية وإدارة مخاطر الكوارث Sector Manager for Urban Practices and Disaster Risk Management	البنك الدولي	["21658914267"]	["ctovey@worldbank.org"]	https://www.worldbank.org/urban	تونس - تونس	نشاط غير محدد		0	f			5e1fd805829f9895a2af681a7c6a6a6a3fdb6ce1afd7a069a04cb81ea5c0b851	new			2026-07-05 06:41:00+00	2026-07-15 10:56:40.125481+00	البنك الدولي		غير ذلك		مديرة قطاع الممارسات الحضرية وإدارة مخاطر الكوارث Sector Manager for Urban Practices and Disaster Risk Management		د.كاثرين توفي	Dr. Katherine Tofi	1	تونس
2094	40	د. عالية جرجمان\nDr.alia Jurjman	غير محدد Not specified	غير محدد Not specified	["963944210065"]	["jasmine.honey.group@gmail.com"]		غير محدد - غير محدد	نشاط غير محدد		0	f			c858ff726c96582599cf62647f7af287ac59961e8210a9a3954c2d787159658f	new			2026-07-05 06:41:00+00	2026-07-15 10:56:40.142037+00	غير محدد Not specified		غير ذلك		غير محدد Not specified		د. عالية جرجمان	Dr.alia Jurjman	1	سوريا
2103	49	محمد بن عبد العزيز بن عبد الجبار\nmohammed A Alabduljabar	المحافظ المكلف almhafz almklf	الهيئة العامة للتجارة الخارجية	["+966 56 999 9056"]	["governor@gaft.gov.sa"]	https://www.Geft.gove.sa	غير محدد - غير محدد	نشاط غير محدد		0	f			7c3dc2117f82cf83d0aafe16a887b8f34003b761bba61fec12d0fbe04a8cbbf8	new			2026-07-05 06:41:00+00	2026-07-15 10:56:40.155395+00	الهيئة العامة للتجارة الخارجية		غير ذلك		المحافظ المكلف almhafz almklf		محمد بن عبد العزيز بن عبد الجبار	mohammed A Alabduljabar	1	السعودية
2105	51	موهاميد وحيد\nMuhamed Vahid	مدير مؤسس Founder / Manager	اوتومايتون تيليكوم Automaiton&telecom	["38762072737"]	["m.vahid@fit-groups.com"]	https://www.fit-groups.com	البوسنة والهرسك - سراييفو	اتصالات - أتمتة واتصالات		0	f			740e38f05cac145c53bbc47639d34cea7153e53ad43fa9c0ad4b57b2b8efb853	new			2026-07-05 06:41:00+00	2026-07-15 10:56:40.158051+00	اوتومايتون تيليكوم Automaiton&telecom		المؤسسة العامة للصناعات الهندسية		مدير مؤسس Founder / Manager		موهاميد وحيد	Muhamed Vahid	1	البوسنة والهرسك
2106	52	د. فيكتور ج ويلي\ndr victor j. willi	زمالة أوروبية European Fellowship	جامعة فوسكاي universita ca foscari venezia	["41796384051"]	["victor.willi@unive.it"]		إيطاليا - البندقية	تعليم - جامعة		0	f			4f2fba2f7c4207725c9c5ed85d170821fbe14ac19a9c484ed2697acb17829e1e	new			2026-07-05 06:41:00+00	2026-07-15 10:56:40.159775+00	جامعة فوسكاي universita ca foscari venezia		مديرية الاشراف على التاهيل الفني		زمالة أوروبية European Fellowship		د. فيكتور ج ويلي	dr victor j. willi	1	إيطاليا
2107	53	سعد سعد الله\nsaad sadollah	المدير التنفيذي almdyr altnfydhy	سوث كورديستان غروب سك (south kurdistan group) SK	["9647503130007"]	["saad.sadollah@sk.iq"]	https://www.sk.iq	العراق - السليمانية	مجموعة كردستان الجنوبية		0	f			2d8d3e563ee7cf990ec10b55498ce0414b0568d28d35ff88de021ec1bd7d945c	new			2026-07-05 06:41:00+00	2026-07-15 10:56:40.161149+00	سوث كورديستان غروب سك (south kurdistan group) SK		غير ذلك		المدير التنفيذي almdyr altnfydhy		سعد سعد الله	saad sadollah	1	العراق
2108	54	تشانغ شي\nzhang xi	نائب مدير قسم التسويق Deputy Marketing Department Manager	سينوما sinoma	["8613013751433"]	["zhangxi3306@foxmail.com"]	https://www.sinoma-suzhou.com	الصين - غير محدد	شركة للإنشاءات المحدودة		0	f			8d4f6cb72a68405ec0e3a7db57ba142a2f6997301ce2e393d4fd0c1c9c9d3b17	new			2026-07-05 06:41:00+00	2026-07-15 10:56:40.162485+00	سينوما sinoma		المؤسسة العامة للصناعات الهندسية		نائب مدير قسم التسويق Deputy Marketing Department Manager		تشانغ شي	zhang xi	1	الصين
2110	56	م.عمر علي الغامدي\nEng.Omar Ali Alghamdi	المدير التنفيذي للخدمات الفنية almdyr altnfydhy llkhdmat alfnya	المختبر الخليجي Gcc Lab	["+966 56 854 8344"]	["omar.alghamdi@gccelab.com"]		السعودية - الدمام	طاقة - مختبر فحص الكهرباء		0	f			36ac19174878db62f57d6330300c2115989768fa865e5089c2ea07d92d0d3ba1	new			2026-07-05 06:41:00+00	2026-07-15 10:56:40.165635+00	المختبر الخليجي Gcc Lab		المؤسسة العامة للصناعات الهندسية		المدير التنفيذي للخدمات الفنية almdyr altnfydhy llkhdmat alfnya		م.عمر علي الغامدي	Eng.Omar Ali Alghamdi	1	السعودية
2111	57	محمد بن عبد الله المحمود\nMohammed A AL-Mahmoud	الرئيس التنفيذي للمطابقة alryys altnfydhy llmtabqa	المختبر الخليجي Gcc Lab	["+966 56 006 0028"]	["m.almahmoud@gcclcsc.com"]		السعودية - الرياض	شركة للمختبرات الفنية		0	f			d59a55b067a919c86340565f051c5fd48b4fcd26488afaefa7e8ddc74f2264ec	new			2026-07-05 06:41:00+00	2026-07-15 10:56:40.167219+00	المختبر الخليجي Gcc Lab		مركز الاختبارات و الابحاث		الرئيس التنفيذي للمطابقة alryys altnfydhy llmtabqa		محمد بن عبد الله المحمود	Mohammed A AL-Mahmoud	1	السعودية
2112	58	ماري فوريستير\nmarie forestier	مستشار كبير لشؤون سوريا mstshar kbyr lshwwn swrya	المعهد الأوروبي للسلام	["33695118529"]	["marie.forestier@eip.org"]		بلجيكا - بروكسل	نشاط غير محدد		0	f			9547d79837bc339667bd188d6babc774665b35a0ddb78b39bbc456b14455e237	new			2026-07-05 06:41:00+00	2026-07-15 10:56:40.168575+00	المعهد الأوروبي للسلام		غير ذلك		مستشار كبير لشؤون سوريا mstshar kbyr lshwwn swrya		ماري فوريستير	marie forestier	1	بلجيكا
2113	59	إياد حمود\nEyad Hammoud	محامي Lawyer	نقابة المحامين	["+966 9332 31573"]	["h-d-h@mail.sy"]	https://www.eyadhammoudlawoffice.com	سوريا - دمشق	قانونية		0	f			6187c5a9be099cc9056ecb8f521895a2a879b9779bd97001d6104d4cd794b65d	new			2026-07-05 06:41:00+00	2026-07-15 10:56:40.169932+00	نقابة المحامين		غير ذلك		محامي Lawyer		إياد حمود	Eyad Hammoud	1	سوريا
2114	60	كوثر سيهان\nkeusar ceyhan	معلمة Teacher	تكنو فيست تركيا TEKNOFEST Türkiye	["+966 5383682626"]	[]		غير محدد - غير محدد	تكنو فيست تركيا		0	f			0bbd798c906989f1b9f08b48f346ac24dab117bb42ae79d9d3de2635d0e26261	new			2026-07-05 06:41:00+00	2026-07-15 10:56:40.171468+00	تكنو فيست تركيا TEKNOFEST Türkiye		غير ذلك		معلمة Teacher		كوثر سيهان	keusar ceyhan	1	السعودية
2115	61	حسين علي\nHusain Ali	مدير تنفيذي Executive Director	افيوتيتش aviotech	["905315569203"]	["eng.husain.ali@gmail.com"]	https://www.aviotech.io	تركيا - غازي عينتاب	تكنو فيست تركيا		0	f			9ea741eeada0f4ba41af5ae9519038e661ed2ed17b03e3f54b4257032eb81791	new			2026-07-05 06:41:00+00	2026-07-15 10:56:40.17278+00	افيوتيتش aviotech		غير ذلك		مدير تنفيذي Executive Director		حسين علي	Husain Ali	1	تركيا
2116	62	إلكر سيزار\nIlker sezar	مدير التحرير Managing Editor	توركييي توداي TURKIYE TODAY	["902124542705"]	["ilker.sezer@turkiyetoday.com"]	https://www.turkiytoday.com	تركيا - اسطنبول	إعلام - تكنو فيست تركيا/صحيفة		0	f			14a01a0b95fe6720954a41446f48009cca2a2e0c41bbd7dd70eafb056b069a7d	new			2026-07-05 06:41:00+00	2026-07-15 10:56:40.174141+00	توركييي توداي TURKIYE TODAY		غير ذلك		مدير التحرير Managing Editor		إلكر سيزار	Ilker sezar	1	تركيا
2117	63	زياد فيس\nZiyad veis	المالك Owner	ويسكو WEISCO	["905379727240"]	["weisco@hotmail.com"]		تركيا - اسطنبول	تكنو فيست تركيا/استشارات تجارية		0	f			84270ea6b396b80235992ff6ddd07355bac9e860048d7fc2a81723a347c6d6ab	new			2026-07-05 06:41:00+00	2026-07-15 10:56:40.175492+00	ويسكو WEISCO		غير ذلك		المالك Owner		زياد فيس	Ziyad veis	1	تركيا
2118	64	أحمد ألماز\nAhmet almaz	استشاري مشاريع Project Consultant	كورو في وتيسي KORU ve OTESi	["905458682095"]	["ahmet.almaz@koruveotesi.org"]	https://www.kopruveotesi.org	تركيا - اسطنبول	موسيقى - تكنو فيست تركيا		0	f			0ec6540ca0ea4fe3287db0a81405cbf62b71e2d360d2601b9e359c174cbe98fd	new			2026-07-05 06:41:00+00	2026-07-15 10:56:40.176864+00	كورو في وتيسي KORU ve OTESi		غير ذلك		استشاري مشاريع Project Consultant		أحمد ألماز	Ahmet almaz	1	تركيا
2119	65	إكين أكتاش\nEkin Aktas	مهندس ميكانيكي Mechanical Engineer	ستار تيكنيك star teknik	["902166510700"]	["ekin.aktas@starteknik.com.tr"]	https://www.starteknik.com.tr	تركيا - اسطنبول	تكنوفيست تركيا/شركة الإلكترونيات الصناعية والتجارية المحدودة		0	f			5a32a5aa00b356acb4b24420092942ab618faf5a7b5e499927d8ac78becd1da2	new			2026-07-05 06:41:00+00	2026-07-15 10:56:40.178193+00	ستار تيكنيك star teknik		المؤسسة العامة للصناعات الهندسية		مهندس ميكانيكي Mechanical Engineer		إكين أكتاش	Ekin Aktas	1	تركيا
2120	66	غير محدد\nNot specified	غير محدد Not specified	اركا ARCA	[]	["info@arcadefense.com.tr"]		غير محدد - غير محدد	دفاع - تكنو فيست تركيا/إنتاج الذخيرة		0	t			8b5aef2a6c62e3ac13c3d6de223c415f7243245802017322023bcf07356d33b0	needs_review			2026-07-05 06:41:00+00	2026-07-15 10:56:40.179687+00	اركا ARCA		غير ذلك		غير محدد Not specified		غير محدد	Not specified	1	
2121	67	كان أوزتونبول\nkaan oztunbul	مدير مساعد للمبيعات Assistant Sales Manager	فايرمونت fairmont	["905380968572"]	["kaan.oztubul@fairmont.com"]	https://www.fairmontquasairstanbul.com	تركيا - اسطنبول	سياحة - تكنو فيست تركيا/فنادق ومنتجعات		0	f			73863558c5f917d6d554d7a3890cc4e485e712958a502d738af29929df050a6d	new			2026-07-05 06:41:00+00	2026-07-15 10:56:40.181042+00	فايرمونت fairmont		غير ذلك		مدير مساعد للمبيعات Assistant Sales Manager		كان أوزتونبول	kaan oztunbul	1	تركيا
2122	68	عمر الكينغ\nomar Alking	غير محدد Not specified	كارالوغلو KARALOGLU	["905523216273"]	[]		تركيا - اسطنبول	تكنو فيست تركيا/تعهدات بناء ووساطات عقارية		0	f			fae3c51e1e86afdf03848e5e4337e53205e86f432efd69eded13b629fad087b5	new			2026-07-05 06:41:00+00	2026-07-15 10:56:40.182365+00	كارالوغلو KARALOGLU		المؤسسة العامة للصناعات الهندسية		غير محدد Not specified		عمر الكينغ	omar Alking	1	تركيا
2123	69	آز أوتوماسيون\nAZE OTOMASYON	غير محدد Not specified	كمم ماركت CMM MARKET	["902166212112"]	["satis@azeotomasyon.com"]	https://www.cmmmarket.com	تركيا - اسطنبول	تكنو فيست تركيا/تعليم استشارات		0	f			d2580a5b2aa49c9abfb98e88b707a9d2747dc4b926ba92c1c215725810d48df1	new			2026-07-05 06:41:00+00	2026-07-15 10:56:40.18402+00	كمم ماركت CMM MARKET		مديرية الاشراف على التاهيل الفني		غير محدد Not specified		آز أوتوماسيون	AZE OTOMASYON	1	تركيا
2124	70	أنس بدير\nEnes BEDIR	مدير المنتج Product Manager	غينيكس Genix	["905011036017"]	["ebedir@genix.com.tr"]	https://www.genix.com.tr	تركيا - اسطنبول	اتصالات - تكنو فيست تركيا/تكنولوجيا المعلومات/حلول الطباعة وتدمير البيانات ومنتجات التكنولوجيا البيئية		0	f			15225d19c9b5f98d24042db5c22a043f3ef3284d88b616aa930228495727463a	new			2026-07-05 06:41:00+00	2026-07-15 10:56:40.185344+00	غينيكس Genix		المؤسسة العامة للصناعات الهندسية		مدير المنتج Product Manager		أنس بدير	Enes BEDIR	1	تركيا
2125	71	علي باران\nAli Baran	المدير العام General Manager	يونغاتيك ميكريليكترونيكس YONGATEK micrelectronics	["905335705223"]	["ali.baran@youngatek.com"]	https://www.yongatek.com	تركيا - اسطنبول	اتصالات - تكنو فيست تركيا /تصميم/اتصالات		0	f			ac6e51e4338ae73500d27adfb0946ef022a4a5ec7bc3418e80392a83bcc78e02	new			2026-07-05 06:41:00+00	2026-07-15 10:56:40.186719+00	يونغاتيك ميكريليكترونيكس YONGATEK micrelectronics		المؤسسة العامة للصناعات الهندسية		المدير العام General Manager		علي باران	Ali Baran	1	تركيا
2126	72	د.عبد الله الحكيم\nDr. Abdul allh alhkym	مستشار Consultant	وزارة الاقتصاد /الجمهورية السلوفاكية /	["421944182772"]	["abduiia.alhakim@mhsr.sk"]	https://www.mhsr.sk	سلوفاكيا - غير محدد	نشاط غير محدد		0	f			b1dd9c05329ec08170e3d4f78ca4045db94e5ee456d9a1a58358b90d4276b67b	new			2026-07-05 06:41:00+00	2026-07-15 10:56:40.188136+00	وزارة الاقتصاد /الجمهورية السلوفاكية /		غير ذلك		مستشار Consultant		د.عبد الله الحكيم	Dr. Abdul allh alhkym	1	سلوفاكيا
2029	7	د.ليلى السمان\nDr.Laila Al Samman	نائب رئيس الغرفة nayb ryys alghrfa	غرفة تجارة دمشق	["963969666000", "963933221433"]	["l.alsamman@dcc.sy"]	https://www.dss.sy	سوريا - دمشق	غرف		0	f			8338ba828300cbffcbd9241b34dd27e4a1f42339161e8641289c8641df233372	new			2026-07-05 06:41:00+00	2026-07-15 10:56:40.191632+00	غرفة تجارة دمشق		غير ذلك		نائب رئيس الغرفة nayb ryys alghrfa		د.ليلى السمان	Dr.Laila Al Samman	1	سوريا
2128	73	خلدون شعبان\nkhaldoun shaaban	رئيس مجلس الإدارة Chairman	كميك برينت سلوشنز CMYK print solutions	["963932227229"]	["khaldoun.sh@cmyksyria.com"]	https://www.cmyksyria.com	غير محدد - غير محدد	طابعات رقمية		0	f			568cfbbb286258e44bdb292eb9a8465153d5ae0b983394114551153b569ecb53	new			2026-07-05 06:41:00+00	2026-07-15 10:56:40.193027+00	كميك برينت سلوشنز CMYK print solutions		غير ذلك		رئيس مجلس الإدارة Chairman		خلدون شعبان	khaldoun shaaban	1	سوريا
2129	74	سعد السند\nSaad MMH Al Sanad	رئيس مجلس الإدارة Chairman	مصنع مروج الدولي	["96597875522"]	["alsanadkw@gmail.com"]		السعودية - الرياض	غذائية - إنتاج الفطائر وجميع أنواع المعجنات والمخبوزات		0	f			d4fa548bdb4ab45df33556b4b8ae0c41a45084465fae643ba6198561d6b3090a	new			2026-07-05 06:41:00+00	2026-07-15 10:56:40.19438+00	مصنع مروج الدولي		مؤسسة الصناعات الغذائية		رئيس مجلس الإدارة Chairman		سعد السند	Saad MMH Al Sanad	1	السعودية
2130	75	ميشيل س تامر\nMICHEL.S.TAMER	المؤسس /الرئيس التنفيذي Founder / CEO	تامر غروب tamer group	["+966 9613572000"]	["michel.s.tamer@hotmail.com"]		غير محدد - غير محدد	نشاط غير محدد		0	f			f5194821b033c6e0d072146cb261f53b34b623c0bc13bd59f289f778ab6439b9	new			2026-07-05 06:41:00+00	2026-07-15 10:56:40.195902+00	تامر غروب tamer group		غير ذلك		المؤسس /الرئيس التنفيذي Founder / CEO		ميشيل س تامر	MICHEL.S.TAMER	1	السعودية
2152	96	م.عبد الله عبد العزيز السريع\nEng.Abdullah A.Alsorayai	رئيس قسم الأعمال الكيميائية ryys qsm alaamal alkymyayya	ستار للتقنياتstar technologies	["+966 50 177 7444"]	["abdullah@asic.com.sa"]	https://www.star-ksa.com	السعودية - غير محدد	كيميائية - تصنيع مواد البناء الكيميائية		0	f			b339cfcafb313cabd2361484a04033b16f015b22754d447940b20b579efb45c6	new			2026-07-05 06:41:00+00	2026-07-15 10:56:40.232454+00	ستار للتقنياتstar technologies		المؤسسة العامة للصناعات الهندسية		رئيس قسم الأعمال الكيميائية ryys qsm alaamal alkymyayya		م.عبد الله عبد العزيز السريع	Eng.Abdullah A.Alsorayai	1	السعودية
2131	76	م خرشوش موهاميد\nM.KHARCHOUCHE Mohamed	المدير المركزي لوحدةتصنيع المعدات والأجهزة الكهربائية والغازية almdyr almrkzy lwhdatsnya almadat walajhza alkhrbayya walghazya	سايغ SAIEG	["+966 661980930"]	["kharchouche.mohamed@saieg.dz"]	https://www.saieg.dz	الجزائر - ولاية سطيف	هندسية - تصنيع معدات وأجهزة كهربائية وغازية		0	f			7dd62f607caed281b464da6ce27932a16f285eaf2653a2715095d2554b98c60b	new			2026-07-05 06:41:00+00	2026-07-15 10:56:40.197268+00	سايغ SAIEG		المؤسسة العامة للصناعات الهندسية		المدير المركزي لوحدةتصنيع المعدات والأجهزة الكهربائية والغازية almdyr almrkzy lwhdatsnya almadat walajhza alkhrbayya walghazya		م خرشوش موهاميد	M.KHARCHOUCHE Mohamed	1	الجزائر
2132	77	أونور أتاكاي\nONOR ATAKAY	شريك مؤسس Co-founder	سينتيك SINTEK	["905337725694"]	["o.atakay@sintek.com.tr"]	https://www.sintek.com.tr	تركيا - أنقرة	صناعات ثقيلة		0	f			d1aae7a2fbec208afc93d38cd56c3fcfd66975c54dc055a07251c39a8701e74e	new			2026-07-05 06:41:00+00	2026-07-15 10:56:40.19863+00	سينتيك SINTEK		غير ذلك		شريك مؤسس Co-founder		أونور أتاكاي	ONOR ATAKAY	1	تركيا
2133	78	د.منى حسون\nDr.mouna hassoun	رئيسة الأكاديمية ryysa alakadymya	الأكاديمية العربية للأعمال الإلكترونية	["963947883000"]	["mouna.hassoun@araeb.org.sy"]	https://www.araeb.org.sy	سوريا - دمشق	المؤسسة العامة للصناعات الهندسية		0	f			67f239dc454dc3c0d8ad6e09598acffb84d03acdd9c4535a107375e68c79926c	new			2026-07-05 06:41:00+00	2026-07-15 10:56:40.199968+00	الأكاديمية العربية للأعمال الإلكترونية		المؤسسة العامة للصناعات الهندسية		رئيسة الأكاديمية ryysa alakadymya		د.منى حسون	Dr.mouna hassoun	1	سوريا
2028	6	د.عدنان وحود\nDr.Adnan Wahhoud	المدير العام General Manager	المراكز الألمانية الطبية في سوريا	["4915253716290"]	["wahhoud@aol.com"]	https://www.a-wahhoud.de	غير محدد - غير محدد	طبي		0	f			430cd96d61d4698f8dfa2a2c4da14b152007739290f2753aad91e1e28d54583f	new			2026-07-05 06:41:00+00	2026-07-15 10:56:40.203599+00	المراكز الألمانية الطبية في سوريا		غير ذلك		المدير العام General Manager		د.عدنان وحود	Dr.Adnan Wahhoud	1	ألمانيا
2135	79	ستيف لوتس\nSteve Lutes	نائب الرئيس للشرق الأوسط nayb alryys llshrq alawst	غرفة التجارة الأميركية	["12025273385"]	["slutes@uschamber.com"]		أميركا - واشنطن	غرف		0	f			740df1f472cb4217d89ce55e914e5357009279583e321f60911aab65e2ac1d21	new			2026-07-05 06:41:00+00	2026-07-15 10:56:40.204975+00	غرفة التجارة الأميركية		غير ذلك		نائب الرئيس للشرق الأوسط nayb alryys llshrq alawst		ستيف لوتس	Steve Lutes	1	الولايات المتحدة
2136	80	أولي بيركنز\nOllie Perkins	مدير أمن الفعاليات والسفر mdyr amn alfaalyat walsfr	غرفة التجارة الأميركية	["+966 2026804528"]	["operkins@uschamber.com"]	https://www.uschamber.com	أميركا - واشنطن	غرف		0	f			2064901b2aaf6d8912324259b44c8552bf94c6c210d82398155ca3807758569f	new			2026-07-05 06:41:00+00	2026-07-15 10:56:40.206323+00	غرفة التجارة الأميركية		غير ذلك		مدير أمن الفعاليات والسفر mdyr amn alfaalyat walsfr		أولي بيركنز	Ollie Perkins	1	الولايات المتحدة
2137	81	بسام طبليه\nBASSAM TIBLIEH	محامي Lawyer\nPartner Solicitor	ب ا إنترناشيونال سوليكيتورس\nBA INTERNATIONAL SOLICITORS	["+44 7449 990077", "+963 932 345 955"]	["info@bais.uk"]	https://www.bais.uk	لندن - NW106RF	قانونية - خدمات قانونية		0	f			d72fa537e6cfe1350278ced1fab0c243746b965d9390eca8b67a6b49522f7d7d	new			2026-07-05 06:41:00+00	2026-07-15 10:56:40.207836+00	ب ا إنترناشيونال سوليكيتورس	BA INTERNATIONAL SOLICITORS	غير ذلك		محامي Lawyer	Partner Solicitor	بسام طبليه	BASSAM TIBLIEH	1	بريطانيا
2138	82	سوات تشالبييك\nsuat calbiyik	الرئيس التنفيذي CEO	كيمبور CIMPOR	["351917551965"]	["scalbiyik@cimpor.com"]		البرتغال - غير محدد	إسمنت - شركة رائدة في إنتاج وبيع الإسمنت		0	f			cebc91862295fdc2f22c7f9066fd8972504f13de3521a97f80b86319750194ab	new			2026-07-05 06:41:00+00	2026-07-15 10:56:40.209153+00	كيمبور CIMPOR		المؤسسة العامة للصناعات الكيميائية		الرئيس التنفيذي CEO		سوات تشالبييك	suat calbiyik	1	البرتغال
2139	83	م. ماجد بن موسى\nEng.maged bin mussa	الرئيس التنفيذي CEO	قلف بريستيج	["+966 59 191 1110"]	["oil1925m@gmail.com"]	https://www.gulfprestige.sa	السعودية - الرياض	صناعة زيوت وشحوم		0	f			3b90a07e7d4f79a62f5e1ad343b51d5f0bddf4ed26dba999e30672995a368c4a	new			2026-07-05 06:41:00+00	2026-07-15 10:56:40.210637+00	قلف بريستيج		المؤسسة العامة للصناعات الكيميائية		الرئيس التنفيذي CEO		م. ماجد بن موسى	Eng.maged bin mussa	1	السعودية
2140	84	عبد الكريم الطيار\nAbdul alkrym altyar	مدير عام General Manager	شركة تعبيد الطرق وشركة هضاب المعزولة للمقاولات	["+966 55 317 8070"]	["kareem@hidab-almazola.com"]		السعودية - الرياض	مقاولات		0	f			e0fa03033058ef0c6bf11bb951570b3220e400ded119170dd06f60ec65ca9222	new			2026-07-05 06:41:00+00	2026-07-15 10:56:40.212192+00	شركة تعبيد الطرق وشركة هضاب المعزولة للمقاولات		غير ذلك		مدير عام General Manager		عبد الكريم الطيار	Abdul alkrym altyar	1	السعودية
2141	85	خلدون فاضل\nkhaldoun fadel	المدير almdyr	شركة فاضل جروب	["+966 9442 10166"]	["mfadel@scs-net.org"]	https://www.fadel-group.com	سوريا - حماة	تجارة عامة /استيراد وتصدير مجموعة شركات(غذائية /زيوت غذائية /صناعات علفية /شركة للنقل )		0	f			56f7312e52a5afd39abc35e744fb75423538a5f7814b914e0a3c1443224ae460	new			2026-07-05 06:41:00+00	2026-07-15 10:56:40.213738+00	شركة فاضل جروب		مؤسسة الصناعات الغذائية		المدير almdyr		خلدون فاضل	khaldoun fadel	1	سوريا
2142	86	غسان خالد غنم\nGhassan khalid Ghanam	منسق عام مبيعات الفروع /إدارة علاقات العملاء mnsq aam mbyaat alfrwa /idara alaqat alamla	شركة الوسائل الصناعية	["+966 50 638 7882"]	["ghassan@alwasil.com"]	https://www.alwasail.com	السعودية - غير محدد	هندسية - شركة تصنيع أنابيب ووصلات البولي إيثيلين عالي الكثافة		0	f			d3d5488c053b4c86113da13de24d42dc0268316b0b4c5dd78ade3f74ef34533f	new			2026-07-05 06:41:00+00	2026-07-15 10:56:40.215171+00	شركة الوسائل الصناعية		المؤسسة العامة للصناعات الهندسية		منسق عام مبيعات الفروع /إدارة علاقات العملاء mnsq aam mbyaat alfrwa /idara alaqat alamla		غسان خالد غنم	Ghassan khalid Ghanam	1	السعودية
2143	87	حنان هنزاز\nhanan hanzaz	الممثل الخاص للمدير العام للمنطقة العربية /رئيسالمكتب الإقليمي للمنطقة العربية Special Representative of the Director General for the Arab Region / Head of Regional Office	منظمة UNIDO	["431260263512"]	["h.hanzaz@unido.org"]	https://www.unido.org	أستراليا - غير محدد	نشاط غير محدد		0	f			227d439ea58bd175844650de04661893248efbd82b8fdfd83237ec01f172d98b	new			2026-07-05 06:41:00+00	2026-07-15 10:56:40.216547+00	منظمة UNIDO		غير ذلك		الممثل الخاص للمدير العام للمنطقة العربية /رئيسالمكتب الإقليمي للمنطقة العربية Special Representative of the Director General for the Arab Region / Head of Regional Office		حنان هنزاز	hanan hanzaz	1	أستراليا
2144	88	د. محمد بكير\nDr.mohamad bakir	الرئيس التنفيذي CEO	جيانغسو انداي تكنولوجي كومباني المحدودة jiangsu andai technology co.ltd	["8613115041114"]	["mohamadbakir@gmail.com"]		الصين - غير محدد	شركة للتكنولوجيا المحدودة		0	f			3a3cfa841c544b6831ef1288dbee255be318d844da883dd440303850cbd29ec4	new			2026-07-05 06:41:00+00	2026-07-15 10:56:40.217885+00	جيانغسو انداي تكنولوجي كومباني المحدودة jiangsu andai technology co.ltd		المؤسسة العامة للصناعات الهندسية		الرئيس التنفيذي CEO		د. محمد بكير	Dr.mohamad bakir	1	الصين
2155	99	ناصر عبد العزيز الغليان\nnasser Abdulaziz Alghillan	رئيس مجلس الإدارة Chairman	العربية للغازات	["+966 50 052 2071"]	["nasser@doeen.com"]	https://www.alarabiagas.com	السعودية - غير محدد	طاقة - تصنيع وتوزيع الغازات الصناعية		0	f			b6aa014fad3669e5be22f1a76a4673390c6de58a12a3a2379ed89611ad03cf1c	new			2026-07-05 06:41:00+00	2026-07-15 10:56:40.237438+00	العربية للغازات		المؤسسة العامة للصناعات الهندسية		رئيس مجلس الإدارة Chairman		ناصر عبد العزيز الغليان	nasser Abdulaziz Alghillan	1	السعودية
2145	89	محمد الموسى\nMohammed Almoussa	مدير دعم العمليات Operations Support Manager	شركة مصنع الطاقة الكامنة	["+966 53 969 9877"]	["sup2@keksa.com"]	https://www.keksa.com	السعودية - غير محدد	هندسية - تقديم دعم وخدمات الأنابيب ذات الجودة العالية لسوق دول مجلس التعاون الخليجي والشرق الأوسط		0	f			f48fffe70cb82dda9e5a8d9ac4edd4ca0b07366221f6c52d94766bb490cc81dc	new			2026-07-05 06:41:00+00	2026-07-15 10:56:40.219558+00	شركة مصنع الطاقة الكامنة		المؤسسة العامة للصناعات الهندسية		مدير دعم العمليات Operations Support Manager		محمد الموسى	Mohammed Almoussa	1	السعودية
2146	90	بيتر ناصيف\npeter nassif	مستشار لمراقبة وتحليل سياقات الاستقرار Stability Context Monitoring and Analysis Consultant	منصةالاستقراردعم السلام المتكاملstabilisation platform	["4915204259706"]	["peter.nassif@stabillistion-platform.de"]	https://www.stabillisation-platform.de	ألمانيا - برلين	منصة - منصة دعم السلام المتكامل بتكليف من المكتب الفيدرالي للشؤون الخارجية في ألمانيا		0	f			a3a30b3acca66aacd11e05007c3f896b748e0a098cb3c10002fdd89cb5871708	new			2026-07-05 06:41:00+00	2026-07-15 10:56:40.221326+00	منصةالاستقراردعم السلام المتكاملstabilisation platform		غير ذلك		مستشار لمراقبة وتحليل سياقات الاستقرار Stability Context Monitoring and Analysis Consultant		بيتر ناصيف	peter nassif	1	ألمانيا
2147	91	سامر عيتاني\nsamer itani	مدير تجاري mdyr tjary	دمغ يفينتس dmg events	["971508845740"]	["sameritani@dmgevents.com"]	https://www.dmgevents.com	الإمارات - دبي	نشاط غير محدد		0	f			a7a3844e764acdef0b9774f94cca5d6ef2eda1c87ae6de89cc55cb5236c3448a	new			2026-07-05 06:41:00+00	2026-07-15 10:56:40.223133+00	دمغ يفينتس dmg events		غير ذلك		مدير تجاري mdyr tjary		سامر عيتاني	samer itani	1	الإمارات
2148	92	صلاح الدين قاسمي\nSALADIN KASSIMY	محامي قانوني Lawyer	ريفيغني REVIGNY	[]	["saladin.kassimy@revigny.com"]	https://WWW.REVIGNY.COM	فرنسا/بوليفارد - باريس/سان جيرمان	قانونية - مكتب محاماة		0	f			973f1285c1dd02e9a1c4b2558a451631b069f7adb7b82edd8a4e3fb641849111	new			2026-07-05 06:41:00+00	2026-07-15 10:56:40.224785+00	ريفيغني REVIGNY		غير ذلك		محامي قانوني Lawyer		صلاح الدين قاسمي	SALADIN KASSIMY	1	فرنسا
2149	93	مصطفى ال البارودي\nmustafa al baroudi	نائب الرئيس لمشاريع المبيعات والتسويق وذكاء البيانات Vice President of Sales, Marketing and Data Intelligence Projects	بيت الكهرباء	["+966 12 287 9111"]	["mustafa.baroudi@electric-house.com"]	https://www.electric-house.com	السعودية/الإمارات/قطر/الكويت/مصر - غير محدد	هندسية - منتجات كهربائية		0	f			6f2068a64c8d817d712190812b4d498dd33fe355b9a9e6be6457e6d0d2fd9412	new			2026-07-05 06:41:00+00	2026-07-15 10:56:40.226925+00	بيت الكهرباء		المؤسسة العامة للصناعات الهندسية		نائب الرئيس لمشاريع المبيعات والتسويق وذكاء البيانات Vice President of Sales, Marketing and Data Intelligence Projects		مصطفى ال البارودي	mustafa al baroudi	1	السعودية
2150	94	د. م. نبيل مرزوق\nDR.Eng.Nabil Marzouk	رئيس مجلس الإدارة Chairman	المجموعة الاقتصادية ECONOMIC GROUP	["963969555000"]	["albajaa.group@gmail.com"]	https://www.Albajaa.com	سوريا - دمشق	الاستثمار الدولي والترويج		0	f			0a244f4100cb51dc1b4f075522fdfac1c3e094940d94ded96c97f974b6003b85	new			2026-07-05 06:41:00+00	2026-07-15 10:56:40.228729+00	المجموعة الاقتصادية ECONOMIC GROUP		غير ذلك		رئيس مجلس الإدارة Chairman		د. م. نبيل مرزوق	DR.Eng.Nabil Marzouk	1	سوريا
2151	95	محمد عبد الله أبونيان\nMohammad A.Abunayyan	رئيس مجلس الإدارة Chairman	Acwa power أكوا باور	["+966 11 250 6300"]	["mabunayyan@acwapower.com"]	https://www.acwapower.com	السعودية - الرياض	طاقة - شركة تشغيل واستثمار محطات توليد الطاقة وتحلية مياه البحر		0	f			7ccba61bc83c65d239ff77df012f1ca9c6d5ac7f1f9062c3d2f72707864dfa26	new			2026-07-05 06:41:00+00	2026-07-15 10:56:40.230556+00	Acwa power أكوا باور		المؤسسة العامة للصناعات الهندسية		رئيس مجلس الإدارة Chairman		محمد عبد الله أبونيان	Mohammad A.Abunayyan	1	السعودية
2165	109	طلال خالد إدريس\ntalal K.Idriss	الرئيس التنفيذي CEO	بحرة /كابلات	["+966 50 562 1019"]	["talal.idriss@bahra-cables.com"]	https://www.bahra-electric.com	السعودية - جدة	هندسية - كابلات		0	f			f16bc8d45d3134358fd12f77e8015fc797c7c48b0912a9386ccfbbc58effd107	new			2026-07-05 06:41:00+00	2026-07-15 10:56:40.252217+00	بحرة /كابلات		المؤسسة العامة للصناعات الهندسية		الرئيس التنفيذي CEO		طلال خالد إدريس	talal K.Idriss	1	السعودية
2153	97	شاكر شريف حمد\nshakir shareef hamad	مهندس كيميائي/المدير العام للمشاريع الصناعية Chemical Engineer / General Manager of Industrial Projects	مجموعة ماس القابضة المحدودة	["9647507459981"]	["shakir.sherief@massgroupholding.com"]	https://www.masgroupholding.com	العراق/الأردن - غير محدد	إسمنت - توليد الطاقة /إنتاج الحديد والصلب /صناعة الإسمنت		0	f			f53160b4480363cf96a801bd3c757da553df0b7f4bd805b354db104a26955612	new			2026-07-05 06:41:00+00	2026-07-15 10:56:40.234337+00	مجموعة ماس القابضة المحدودة		المؤسسة العامة للصناعات الهندسية		مهندس كيميائي/المدير العام للمشاريع الصناعية Chemical Engineer / General Manager of Industrial Projects		شاكر شريف حمد	shakir shareef hamad	1	الأردن
2154	98	باسل عبد الرزاق\nBasel Abdul A razaq	مدير مبيعات سوريا mdyr mbyaat swrya	المنيعAlmanea	["963985404716"]	["basel.razaq@almanea.sa"]	https://www.almanea.sa	السعودية - الرياض	هندسية - أجهزة منزلية		0	f			63b8415c7ab79f5dd913873222d519cf17f559b3abced045b843020b95593dcf	new			2026-07-05 06:41:00+00	2026-07-15 10:56:40.235948+00	المنيعAlmanea		المؤسسة العامة للصناعات الهندسية		مدير مبيعات سوريا mdyr mbyaat swrya		باسل عبد الرزاق	Basel Abdul A razaq	1	السعودية
2182	126	م تولغا جيليك\nM.tolga CELIK	نائب المدير العام Deputy General Manager	مكي MKE	["903122961016"]	["tolga.celik@mke.gov.tr"]		تركيا - أنقرة	نشاط غير محدد		0	f			479e49950e5e16a4492d66bdb6b81535eb3af6921cf7c4f3418a677f72f78765	new			2026-07-05 06:41:00+00	2026-07-15 10:56:40.278895+00	مكي MKE		غير ذلك		نائب المدير العام Deputy General Manager		م تولغا جيليك	M.tolga CELIK	1	تركيا
2156	100	ستيفان فيران\nStephan veran	مدير مشروع أول /استشاري Senior Project Manager / Consultant	بلانكو كونسولتينغ غمبه PLANCO CONSULTING GMBH	["330760172235"]	["stephan.veran@planco.de"]	https://www.planco.de	غير محدد - غير محدد	استشارات - شركة استشارات محدودة المسؤولية		0	f			112fbe99c0435f4c938a96800e85db856e2e90b02d7d72abdbae605594d07c4b	new			2026-07-05 06:41:00+00	2026-07-15 10:56:40.238909+00	بلانكو كونسولتينغ غمبه PLANCO CONSULTING GMBH		غير ذلك		مدير مشروع أول /استشاري Senior Project Manager / Consultant		ستيفان فيران	Stephan veran	1	فرنسا
2157	101	عبود صروف\nAboud sarrouf	عضو مجلس إدارة Board Member	مجلس الأعمال السوري الصينيي	["963933606099"]	["a.sarrouf@gmail.com"]		غير محدد - غير محدد	نشاط غير محدد		0	f			f01983fefebeaac5bfc97a26a1e16bef02a28a5f6ba6bc548a6819b4730d46a2	new			2026-07-05 06:41:00+00	2026-07-15 10:56:40.240363+00	مجلس الأعمال السوري الصينيي		غير ذلك		عضو مجلس إدارة Board Member		عبود صروف	Aboud sarrouf	1	سوريا
2158	102	رائد إبراهيم المديهيم\nRaed l.s.Al-mudaiheem	عضو مجلس إدارة Board Member	المهيدب	["+966 50 549 2211"]	["raed@mbm.com"]	https://www.muhaidib.com	السعودية - جدة	نشاط غير محدد		0	f			3bbfa16e148168c8cf8478ff163bc3eefae8bf7dc9621fe641c091ea9d1b236a	new			2026-07-05 06:41:00+00	2026-07-15 10:56:40.241798+00	المهيدب		غير ذلك		عضو مجلس إدارة Board Member		رائد إبراهيم المديهيم	Raed l.s.Al-mudaiheem	1	السعودية
2159	103	محمد سخطة\nMohammad skhta	مسؤول مبيعات سوريا mswwl mbyaat swrya	توفيق مهروسة وأولاده	["963981791287"]	["mahruse.gida@hotmail.com"]		سوريا - حلب	نشاط غير محدد		0	f			89e6e894ab07d744e078279f6d4461f75506e299b2d520a1e733c9a5a3a8ddb1	new			2026-07-05 06:41:00+00	2026-07-15 10:56:40.243785+00	توفيق مهروسة وأولاده		غير ذلك		مسؤول مبيعات سوريا mswwl mbyaat swrya		محمد سخطة	Mohammad skhta	1	سوريا
2160	104	محمد أنس سبع\nMohamaed Anas sabee	المنسق القطري لمكتب سوريا/المكتب الإقليمي للدول العربية almnsq alqtry lmktb swrya/almktb aliqlymy lldwl alarbya	منظمة العمل الدولية	["963996666120"]	["sabee@ilo.org"]		سوريا - دمشق	نشاط غير محدد		0	f			257e856dcf2ab754e150a1a57eab708d5236c279c1eef31ed93e7a4f2470fafb	new			2026-07-05 06:41:00+00	2026-07-15 10:56:40.245291+00	منظمة العمل الدولية		غير ذلك		المنسق القطري لمكتب سوريا/المكتب الإقليمي للدول العربية almnsq alqtry lmktb swrya/almktb aliqlymy lldwl alarbya		محمد أنس سبع	Mohamaed Anas sabee	1	سوريا
2161	105	عبود صروف\nAboud Sarrouf	رئيس مجلس الإدارة Chairman	صروف غروب SARROUF GROUP	["963933606099"]	["a.sarrouf@sarroufgroup.com"]	https://www.northbaseiraq.com	سوريا(المكتب الرئيسي/العراق (المكتب الفرعي - دمشق/أربيل	نشاط غير محدد		0	f			cb5b0297cba483a09bf23c1d096ffd80395c53769a9314d6e30046f9aa0f481d	new			2026-07-05 06:41:00+00	2026-07-15 10:56:40.246646+00	صروف غروب SARROUF GROUP		غير ذلك		رئيس مجلس الإدارة Chairman		عبود صروف	Aboud Sarrouf	1	سوريا
2162	106	م.طارق محمود الزعيم\nEng. Tariq mahmoud zaim	مستشار استراتيجي mstshar astratyjy	بحرة إلكترك	["+966 55 207 4940"]	["tariq.zaim@bahra-cables.com"]	https://www.bahra-electric.com	غير محدد - غير محدد	نشاط غير محدد		0	f			5115985de17ee2a04a436015c1d2c18dd59d50e7d622bf9bc9c307eab2321249	new			2026-07-05 06:41:00+00	2026-07-15 10:56:40.248042+00	بحرة إلكترك		غير ذلك		مستشار استراتيجي mstshar astratyjy		م.طارق محمود الزعيم	Eng. Tariq mahmoud zaim	1	السعودية
2163	107	عصام عبدالعزيز الأشرفي\nEssam Abdullaziz Alashrafi	رئيس مجلس الإدارة Chairman	dmtc درة المنورة	["+966 50 460 7000"]	["essam@munawwara.com"]	https://www.munawwara.com	غير محدد - غير محدد	خدمات التقنيات /خدمات المعتمرين /الخدمات السياحية /التجارية		0	f			97fd5a6b3d1fb4aaa91c408dc7668e2e36b5b6664ab00c44634eb6af7e9dce4a	new			2026-07-05 06:41:00+00	2026-07-15 10:56:40.249424+00	dmtc درة المنورة		غير ذلك		رئيس مجلس الإدارة Chairman		عصام عبدالعزيز الأشرفي	Essam Abdullaziz Alashrafi	1	السعودية
2164	108	سمير أبو جديد\nSamir Abo Jadid	مدير قطاع الجملة mdyr qtaa aljmla	بحرة إلكترك	["+966 56 056 8188"]	["samir.abojadid@bahra-cobles.com"]	https://www.bahra-electric.com	غير محدد - غير محدد	نشاط غير محدد		0	f			6afde0b1eb33256d3a8261df10001cdb7625e37b8e252e613a535bc0284af7c6	new			2026-07-05 06:41:00+00	2026-07-15 10:56:40.250831+00	بحرة إلكترك		غير ذلك		مدير قطاع الجملة mdyr qtaa aljmla		سمير أبو جديد	Samir Abo Jadid	1	السعودية
2166	110	عمار رشيد أغلو\nAmmar RESitoGLU	رئيس الجمعية/أخصائي نفسي ryys aljmaya/akhsayy nfsy	جمعية الأخوة والأمل	["+966 5312325715"]	["brotherhoodandhope@gmail.com"]		غير محدد - غير محدد	جمعية		0	f			f7814b1a7e5893e0ba7df2dd2bd538fc928cc994ceab9b379c9a1fe7b90c469f	new			2026-07-05 06:41:00+00	2026-07-15 10:56:40.253594+00	جمعية الأخوة والأمل		غير ذلك		رئيس الجمعية/أخصائي نفسي ryys aljmaya/akhsayy nfsy		عمار رشيد أغلو	Ammar RESitoGLU	1	السعودية
2167	111	د.عصام عبد العزيز سلطاني الأشرفي\nDr.Essam A.Alaziz sultan Al-Ashrafi	المدير العام التنفيذي almdyr alaam altnfydhy	شركة طيبة taiba	["+966 12 645 0000"]	["essam@taiba.com"]	https://www.taiba.com	السعودية - جدة	للصياغة والمجوهرات		0	f			a780b80ae507a0531a63bdc4b41db67fb02577cd7002cfa2c892cb4251b9f6fb	new			2026-07-05 06:41:00+00	2026-07-15 10:56:40.254959+00	شركة طيبة taiba		غير ذلك		المدير العام التنفيذي almdyr alaam altnfydhy		د.عصام عبد العزيز سلطاني الأشرفي	Dr.Essam A.Alaziz sultan Al-Ashrafi	1	السعودية
2168	112	ماجستير /لؤي كزبري\nmag.louai kuzbari	الرئيس العربي للغرفة alryys alarby llghrfa	غرفة التجارة العربية النمساوية	["436763003958"]	["arabpresident@aacc.at"]	https://www.aacc.at	النمسا - فيينا	نشاط غير محدد		0	f			b7ab28306fe6dbfeb27926b05e90f6bba587a98be8e181066c3da868e6b1461d	new			2026-07-05 06:41:00+00	2026-07-15 10:56:40.25636+00	غرفة التجارة العربية النمساوية		غير ذلك		الرئيس العربي للغرفة alryys alarby llghrfa		ماجستير /لؤي كزبري	mag.louai kuzbari	1	النمسا
2169	113	عبدو صروف\nAbdo sarrouf	قنصل فخري Honorary Consul	هونوراري كونسولاتي وف يكيلاند HONORARY CONSULATE OF ICELAND	["963933606099"]	["icelandconsy@mail.sy"]		سوريا - دمشق	القنصلية الفخرية لأيسلندا		0	f			f9a08c80292533fc548f51796a132f8e2d7163940c6cb397c7ef213c9f874702	new			2026-07-05 06:41:00+00	2026-07-15 10:56:40.257981+00	هونوراري كونسولاتي وف يكيلاند HONORARY CONSULATE OF ICELAND		غير ذلك		قنصل فخري Honorary Consul		عبدو صروف	Abdo sarrouf	1	سوريا
2170	114	تاج الدين الكاتب\ntaj eddin Alkatib	شريك مؤسس ومدير Co-founder and Manager	حلول البناء المعياريةOPREFABEX	["905530877374"]	["taj@prefabex.com"]	https://www.prefabex.com	تركيا - اسطنبول	بناء		0	f			ab6ddf4115cc3144455158fc3635fe9862ac30c2a5597f5b9d508f6a61c95816	new			2026-07-05 06:41:00+00	2026-07-15 10:56:40.260208+00	حلول البناء المعياريةOPREFABEX		المؤسسة العامة للصناعات الهندسية		شريك مؤسس ومدير Co-founder and Manager		تاج الدين الكاتب	taj eddin Alkatib	1	تركيا
2171	115	أسامة أحمد صالح\nOsamah A. Saleh	الرئيس التنفيذي CEO	سمنتاcementa	["962779226000"]	["o.saleh@cementra.com"]	https://www.cementra.com	الأردن - عمان	إسمنت		0	f			740d1aab00ec71209f4658f8274d242620dd5c1e8e08d2ff8b1e1b3ed8f263c8	new			2026-07-05 06:41:00+00	2026-07-15 10:56:40.261986+00	سمنتاcementa		المؤسسة العامة للصناعات الكيميائية		الرئيس التنفيذي CEO		أسامة أحمد صالح	Osamah A. Saleh	1	الأردن
2172	116	ا أوغور أتش\nA.UGUR ATES	رئيس مجلس الإدارة Chairman	مجموعة ALTIN ATES	["+966 5322027777"]	["ugur@altinates.com.tr"]	https://www.altinates.com.tr	تركيا - اسطنبول	كيميائية - (أسمدة -بلاستيك-بناء -الخدمات اللوجستية )		0	f			ad00642f07553dcf871b8b9c4c783a3ca34a3c8aed53bec317ab396023ee8a93	new			2026-07-05 06:41:00+00	2026-07-15 10:56:40.263642+00	مجموعة ALTIN ATES		المؤسسة العامة للصناعات الهندسية		رئيس مجلس الإدارة Chairman		ا أوغور أتش	A.UGUR ATES	1	تركيا
2173	117	مصطفى بوزكورت\nMUSTAFA Bozkurt	رئيس مجلس الإدارة Chairman	هيدروميك HIDROMEK	["+966 3122671260"]	["mustafa.bozkurt@hidromek.com.tr"]	https://www.hidromek.com.tr	تركيا - أنقرة	نشاط غير محدد		0	f			b87ab6bd55cd3cc2b4807a8a554087ce5cd272cb15775ffb389cb849563cc688	new			2026-07-05 06:41:00+00	2026-07-15 10:56:40.26518+00	هيدروميك HIDROMEK		غير ذلك		رئيس مجلس الإدارة Chairman		مصطفى بوزكورت	MUSTAFA Bozkurt	1	تركيا
2174	118	د. أيوب فورال أيدن\nDr.eyup vural aydin	رئيس مجلس الإدارة Chairman	مركز اسطنبول للتميز	["905072900000"]	["eva@phdstrategy.com"]	https://www.pppcoe.com	تركيا - اسطنبول	نشاط غير محدد		0	f			6a226b5e3ffc6df2973ea34744a0a39bdb21049032dca2e40321b75e33ca29ac	new			2026-07-05 06:41:00+00	2026-07-15 10:56:40.266635+00	مركز اسطنبول للتميز		غير ذلك		رئيس مجلس الإدارة Chairman		د. أيوب فورال أيدن	Dr.eyup vural aydin	1	تركيا
2175	119	أمين حصارجيكلي أوغلو\nEMinHiSARCIKLIOGLU	عضو مجلس إدارة Board Member	يسكيهيسار ESKiHiSAR	["903123091320"]	["hisarcik@gmail.com"]	https://www.eskihisar.com.tr	تركيا - أنقرة	مجموعة شركات		0	f			f6edac029cf2f18957beaa2a405f501f3caf442af419837c3e451cd413edce04	new			2026-07-05 06:41:00+00	2026-07-15 10:56:40.268228+00	يسكيهيسار ESKiHiSAR		غير ذلك		عضو مجلس إدارة Board Member		أمين حصارجيكلي أوغلو	EMinHiSARCIKLIOGLU	1	تركيا
2176	120	نائل أولباك\nNAIL OLPAK	رئيس مجلس الإدارة/رئيس DIK Chairman / DEIK President	ديك DEIK	["902163110051"]	["nolpak@deik.org.tr"]		تركيا - اسطنبول	مجلس العلاقات الاقتصادية الخارجية		0	f			ee980165e456d983d836f11ce23ae5202165b3368eed2c542dbac2c4d1014f45	new			2026-07-05 06:41:00+00	2026-07-15 10:56:40.26966+00	ديك DEIK		غير ذلك		رئيس مجلس الإدارة/رئيس DIK Chairman / DEIK President		نائل أولباك	NAIL OLPAK	1	تركيا
2177	121	جلال كاد أوغلو\nCELAL KADOOGLU	رئيس مكتب سوريا Head of Syria Office	تيم TIM	["903422110558"]	["celalkdooglu@kadooglu.com.tr"]		تركيا - اسطنبول	جمعية - جمعية المصدرين التركي		0	f			f07de4d569c299a7927e63387b0e93638d42cd36b8328d602efc036d60e6daa0	new			2026-07-05 06:41:00+00	2026-07-15 10:56:40.271237+00	تيم TIM		غير ذلك		رئيس مكتب سوريا Head of Syria Office		جلال كاد أوغلو	CELAL KADOOGLU	1	تركيا
2178	122	مصطفى جلتبه\nMUSTAFA CULTEPE	رئيس مجلس الإدارة Chairman	تيم TIM	["905322362908"]	["mustafagoltepe@tim.org.tr"]	https://www.tim.org.tr	تركيا - اسطنبول	جمعية - جمعية المصدرين التركي		0	f			e8d3761a6d156c89d3d5c1d88bc07eed7d24655e712adc6c9cc3ba76f707925d	new			2026-07-05 06:41:00+00	2026-07-15 10:56:40.272909+00	تيم TIM		غير ذلك		رئيس مجلس الإدارة Chairman		مصطفى جلتبه	MUSTAFA CULTEPE	1	تركيا
2179	123	أحمد خالد خطيب\nAHMET HALID HATIP	المدير العام General Manager	وزارة الصناعة والتكنولوجيا في جمهورية تركيا/المديرية العامةللاتحادالأوروبي والعلاقات الخارجية	["905016861986"]	["ahmethalit.hatip@sanayi.gov.tr"]		تركيا - أنقرة	المؤسسة العامة للصناعات الهندسية		0	f			2fbcca11c3e731ae25e623be7f1279cb8069ecf4c431b916f137b90ec3a4ebf5	new			2026-07-05 06:41:00+00	2026-07-15 10:56:40.274568+00	وزارة الصناعة والتكنولوجيا في جمهورية تركيا/المديرية العامةللاتحادالأوروبي والعلاقات الخارجية		المؤسسة العامة للصناعات الهندسية		المدير العام General Manager		أحمد خالد خطيب	AHMET HALID HATIP	1	تركيا
2180	124	أوروج بابا إينان\nORUC BABA iNAN	نائب وزير الصناعة والتكنولوجيا Deputy Minister of Industry and Technology	وزارة الصناعة والتكنولوجيا التركية Turkish Ministry of Industry and Technology	["53202107114"]	["orucbabainan@sanayi.gov.tr"]		تركيا - أنقرة	المؤسسة العامة للصناعات الهندسية		0	f			ba43bbaf12a870ebf1070eca34d92685722166360755e4b78db7985adfe0e145	new			2026-07-05 06:41:00+00	2026-07-15 10:56:40.276154+00	وزارة الصناعة والتكنولوجيا التركية Turkish Ministry of Industry and Technology		المؤسسة العامة للصناعات الهندسية		نائب وزير الصناعة والتكنولوجيا Deputy Minister of Industry and Technology		أوروج بابا إينان	ORUC BABA iNAN	1	تركيا
2181	125	ورهان أيدن\nOrhan AYDIN	رئيس مجلس الإدارة Chairman	وستيم Ostim	["905322137311"]	["orhan.aydin@ostim.org.tr"]	https://www.ostim.org.tr	غير محدد - غير محدد	خدمات البنية التحتية والفوقية		0	f			3d47ba7f8146cae5190243842e5662eabb0b079b9c9635dd3b4707daf92ce1aa	new			2026-07-05 06:41:00+00	2026-07-15 10:56:40.277549+00	وستيم Ostim		غير ذلك		رئيس مجلس الإدارة Chairman		ورهان أيدن	Orhan AYDIN	1	تركيا
2183	127	بورا ياغلي\nBora YAGLI	مدير تطوير الاستراتيجية والعمليات Strategy and Operations Development Manager	ليماك سمنت غروب LIMAK Cement Group	["903124367711"]	["byagli@limakcement.com"]	https://www.limakcement.com	تركيا - أنقرة	إسمنت - صناعة وتجارة الإسمنت		0	f			bb359c247013bfa85494fb8280c7d0c614fed7202978ea93037c1101c3640ad8	new			2026-07-05 06:41:00+00	2026-07-15 10:56:40.280463+00	ليماك سمنت غروب LIMAK Cement Group		المؤسسة العامة للصناعات الكيميائية		مدير تطوير الاستراتيجية والعمليات Strategy and Operations Development Manager		بورا ياغلي	Bora YAGLI	1	تركيا
2184	128	إلهامي ميميش\nilhami Memis	رئيس مجلس الإدارة Chairman	تات ماكارنا TAT makarna	["903423372840"]	["info@tatmakarna.com"]	https://www.tatmakarna.com	تركيا - غير محدد	شركة للتجارة الصناعية		0	f			d43cd8c02ca675aec900d1f1c3fb05370e8f9852369e8d98749eb231b9ebc149	new			2026-07-05 06:41:00+00	2026-07-15 10:56:40.281902+00	تات ماكارنا TAT makarna		مؤسسة الصناعات الغذائية		رئيس مجلس الإدارة Chairman		إلهامي ميميش	ilhami Memis	1	تركيا
2186	129	سمير العبد الله\nSamir Alabdullah	مدير قسم تحليل السياسات mdyr qsm thlyl alsyasat	مركز حرمون للدراسات المعاصرة	["905534923226"]	["samir.alabdullah@harmoon.org"]	https://www.harmoon.org	تركيا/قطر - اسطنبول/الدوحة	مركز الدراسات المعاصرة		0	f			9023e55fb3656276a0f9fe8fcf465c49653a0961cdc7a5ef8c85b1ff6a9b7185	new			2026-07-05 06:41:00+00	2026-07-15 10:56:40.286241+00	مركز حرمون للدراسات المعاصرة		غير ذلك		مدير قسم تحليل السياسات mdyr qsm thlyl alsyasat		سمير العبد الله	Samir Alabdullah	1	تركيا
2187	130	محمد ريس\nmohammad Rayes	المدير التنفيذي/عضو مجلس الإدارة Executive Director / Board Member	كونستروكتيون بلاننينغ كومباني المحدودة Construction&planning Co.Ltd.	["+966 59 574 4449"]	["mrayes@candpco.com"]	https://www.candpco.com	السعودية - الرياض	هندسية - شركة الإنشاءات والتخطيط المحدودة		0	f			d3df70eb58aa97189447d08ca0ba9a21d38f260ce4442e79253a99aac51d7216	new			2026-07-05 06:41:00+00	2026-07-15 10:56:40.287806+00	كونستروكتيون بلاننينغ كومباني المحدودة Construction&planning Co.Ltd.		المؤسسة العامة للصناعات الهندسية		المدير التنفيذي/عضو مجلس الإدارة Executive Director / Board Member		محمد ريس	mohammad Rayes	1	السعودية
2188	131	طارق ف ال العجلاني\ntarek F. Al Ajlani	الشريك الإداري Managing Partner	كونستروكتيون بلاننينغ كومباني المحدودة Construction&planning Co.Ltd.	["+966 55 549 9519"]	["tajlani@candpco.com"]	https://www.candpco.com	السعودية - الرياض	هندسية - شركة الإنشاءات والتخطيط المحدودة		0	f			24caa80e44006b140b5f511d1b324ef265eb6c8732aca0e9232adeb25dd2b773	new			2026-07-05 06:41:00+00	2026-07-15 10:56:40.28936+00	كونستروكتيون بلاننينغ كومباني المحدودة Construction&planning Co.Ltd.		المؤسسة العامة للصناعات الهندسية		الشريك الإداري Managing Partner		طارق ف ال العجلاني	tarek F. Al Ajlani	1	السعودية
2189	132	علاء الدين ال الحمصي\nALAA ELDDIN AL HOMSI	مدير الاستثمار/مدير المشروع Investment Manager / Project Manager	يرغ غروب ERG GROUP	["905395764081"]	["eradh.reyadh@gmail.com"]		تركيا - اسطنبول	نشاط غير محدد		0	f			78108ff85a6949ebe4c8b917904aa906114052a09e08ec97c3802e0836e6efbc	new			2026-07-05 06:41:00+00	2026-07-15 10:56:40.290825+00	يرغ غروب ERG GROUP		غير ذلك		مدير الاستثمار/مدير المشروع Investment Manager / Project Manager		علاء الدين ال الحمصي	ALAA ELDDIN AL HOMSI	1	تركيا
2190	133	نائل أولباك\nNAIL OLPAK	رئيس مجلس الإدارة Chairman	باك ياتيريم PAK YATIRIM	["905323125542"]	["nail@pakyatirim.com"]	https://www.pakyatirim.com	تركيا - غير محدد	طاقة - مجال الطاقة المتجددة ومشاريع البنية التحتية وتكنولوجيا المعلومات		0	f			53588e13768b28a6e2781ac7877156327d12b5d690d2fda6753616a217e49249	new			2026-07-05 06:41:00+00	2026-07-15 10:56:40.292261+00	باك ياتيريم PAK YATIRIM		المؤسسة العامة للصناعات الهندسية		رئيس مجلس الإدارة Chairman		نائل أولباك	NAIL OLPAK	1	تركيا
2191	134	أيهان كاراكيا\nAyhan Karakaya	مهندس معماري Architect	نونو يكسبورت nunu Export	["905326373799"]	["info@nunuexport.com"]	https://www.nunuexport.com	تركيا - غير محدد	نسيج - شركة للإنشاءات وصناعة المنسوجات والتسويق والتجارة الخارجية المحدودة		0	f			d3dd3974678b91ed36daf20bdd0f22d0285e2a6c9e938fd72bc4159d47f71dc4	new			2026-07-05 06:41:00+00	2026-07-15 10:56:40.293636+00	نونو يكسبورت nunu Export		المؤسسة العامة للصناعات الهندسية		مهندس معماري Architect		أيهان كاراكيا	Ayhan Karakaya	1	تركيا
2192	135	علي جان يامان يلماز\nAli can yamanyilmaz	نائب رئيس مجلس الإدارة Vice Chairman	اكيب AKiB	["905335117970"]	["ali@sa-su.com"]	https://www.akib.org.tr	تركيا - غير محدد	غذائية - جمعية مصدري المنتجات المائية والحيوانية المتوسطية		0	f			fffd0915628e9c284bd2ce0eb8dda12d81fbfa893385a9f1ae94d8eb36ad4406	new			2026-07-05 06:41:00+00	2026-07-15 10:56:40.29498+00	اكيب AKiB		مؤسسة الصناعات الغذائية		نائب رئيس مجلس الإدارة Vice Chairman		علي جان يامان يلماز	Ali can yamanyilmaz	1	تركيا
2193	136	ثامر الظفيري\nthamer Aldhafiri	الرئيس التنفيذي CEO	كيبير CIPER	["+966 11 242 3333"]	["thamer@cipher.com.sa"]	https://www.cipher.com.sa	السعودية - الرياض	اتصالات - مجال الأمن السيبراني		0	f			1a4512f9e56a07afe931b0ec34077c4669e3f08d42912c4ed9b53c7ffa7cc284	new			2026-07-05 06:41:00+00	2026-07-15 10:56:40.296397+00	كيبير CIPER		المؤسسة العامة للصناعات الهندسية		الرئيس التنفيذي CEO		ثامر الظفيري	thamer Aldhafiri	1	السعودية
2194	137	عبد الرحمن سلطان المقيرن\nAbdulrahman Almugairin	مدير عام الإدارة العامة للمنظمات والتعاون الدولي mdyr aam alidara alaama llmnzmat waltaawn aldwly	وزارة الصناعة والثروة المعدنية	["+966 50 601 5533"]	["a.almugairin@mim.gov.sa"]		غير محدد - غير محدد	منظمة - منظمات وتعاون دولي		0	f			52cda37020563564a4d0089bde6d5e835e6d16db80ded6a19dea9f013ae1ec58	new			2026-07-05 06:41:00+00	2026-07-15 10:56:40.297797+00	وزارة الصناعة والثروة المعدنية		هيئة ادارة المعادن النبيلة وهيئة المواصفات و المقاييس		مدير عام الإدارة العامة للمنظمات والتعاون الدولي mdyr aam alidara alaama llmnzmat waltaawn aldwly		عبد الرحمن سلطان المقيرن	Abdulrahman Almugairin	1	السعودية
2195	138	وائل جاد\nEng.wael Gad	الرئيس التنفيذي CEO	بوان للصناعات الهندسية	["+966 55 855 2256"]	["wael.gad@bawan.com.sa"]	https://www.bawan.com.sa	السعودية - الرياض	هندسية		0	f			71456ee16e5d80c3290bcab88f1281943ba3de555532ae3afd49afcbfddeaf16	new			2026-07-05 06:41:00+00	2026-07-15 10:56:40.299318+00	بوان للصناعات الهندسية		المؤسسة العامة للصناعات الهندسية		الرئيس التنفيذي CEO		وائل جاد	Eng.wael Gad	1	السعودية
2196	139	محمد يوسف ناغي\nmohammed yousef naghi	رئيس مجلس إدارة Chairman	غرفة جدة	["996505695666"]	["chairman@jcci.org.sa"]	https://www.jcci.org.sa	غير محدد - غير محدد	نشاط غير محدد		0	f			be8b7b1aaf77845cbae489d400415caf606d17faf8d3a50bcbe191c9ef429bc1	new			2026-07-05 06:41:00+00	2026-07-15 10:56:40.30069+00	غرفة جدة		غير ذلك		رئيس مجلس إدارة Chairman		محمد يوسف ناغي	mohammed yousef naghi	1	
2025	3	فواز السعود\nFawaz Alsoud	المستشار العقاري almstshar alaqary	شركة أطلس جولد\nATLAS GOLD	["905525444999", "902122540054", "+90 552 544 49 99", "+90 538 727 06 44", "+90 212 254 00 54", "+963 989 370 710", "+963 989 370 711", "+963 989 370 712"]	["atlasgoldistanbul@hotmail.com"]	https://www.atlasgoldistanbul.com	تركيا - اسطنبول	نشاط غير محدد		0	f			5c21ade91c222a237ff8a58742b84dba17930179b8fc011f80fc57e0a7387e94	new			2026-07-05 06:41:00+00	2026-07-15 10:56:40.304225+00	شركة أطلس جولد	ATLAS GOLD	غير ذلك	عقاري	المستشار العقاري almstshar alaqary		فواز السعود	Fawaz Alsoud	1	تركيا
2198	140	م.سعد بن عبد العزيز الخلب\nEng.saad A.Alkhalb	الرئيس التنفيذي CEO	ساودي يكسيم SAUDI EXIM	["466505492667"]	["salkalb@saudiexim.gov.sa"]		غير محدد - غير محدد	بنوك - بنك التصدير والاستيراد السعودي		0	f			d5eb22c3d2859c4a20b2646f60ee1a1a57e31948dc33a8e8e1a8ef302549fc78	new			2026-07-05 06:41:00+00	2026-07-15 10:56:40.305711+00	ساودي يكسيم SAUDI EXIM		غير ذلك		الرئيس التنفيذي CEO		م.سعد بن عبد العزيز الخلب	Eng.saad A.Alkhalb	1	
2200	141	نايف السبيعي العنزي\nNaif A l subai AlAnazi	المدير العام General Manager	شركة عملة للصرافة	["+966 50 587 5555"]	["naif@omlah.com.sa"]		السعودية - الرياض	شراء وبيع العملات الأجنبية والريال السعودي		0	f			042f7392e3ead14bd28cfe8587971fa2c37ea08eeed88c6bbe2b130d0c5f58c0	new			2026-07-05 06:41:00+00	2026-07-15 10:56:40.309768+00	شركة عملة للصرافة		غير ذلك		المدير العام General Manager		نايف السبيعي العنزي	Naif A l subai AlAnazi	1	السعودية
2201	142	أديب أحمد الأمين\nAdeeb Ahmad Alameen	مدير تحويل الطاقة mdyr thwyl altaqa	الفنار للمشاريع	["+966 54 806 3932"]	["adeeb.alameen@alfanar.com"]	https://www.alfanarprojects.com	السعودية - الرياض	هندسية - حلول تطوير المشاريع والإنشاءات الهندسية		0	f			5f9c265fa7b0b484cc2da4859eaab820f4e783fb4d65c6ec7cb176f15aa1b373	new			2026-07-05 06:41:00+00	2026-07-15 10:56:40.311368+00	الفنار للمشاريع		المؤسسة العامة للصناعات الهندسية		مدير تحويل الطاقة mdyr thwyl altaqa		أديب أحمد الأمين	Adeeb Ahmad Alameen	1	السعودية
2202	143	وليد العيسى\nwalid Al-essa	المدير التفيذي /نائب المدير العام almdyr altfydhy /nayb almdyr alaam	شركة مجموعة الوليد المتحدة	["+966 51 111 1607"]	["gwc.alwalid@gmail.com"]		الكويت - حولي /شارع بيروت	تجارة التجزئة والجملة		0	f			58e4b835d62bc0b9c99391ed1792052ca16b945fdff0942533600e7464746e91	new			2026-07-05 06:41:00+00	2026-07-15 10:56:40.312746+00	شركة مجموعة الوليد المتحدة		غير ذلك		المدير التفيذي /نائب المدير العام almdyr altfydhy /nayb almdyr alaam		وليد العيسى	walid Al-essa	1	الكويت
2203	144	سعيد محمد بارودجي\nSait M.Barutcu	الرئيس alryys	شركة منازل البركة للتجارة	["+966 50 165 6200"]	["info@manazel.com"]		السعودية - الدمام وجدة	هندسية - قطع غيار سيارات		0	f			69b400210f3c0534375e39f905973ff70d7bbdf9d09f403039a4961fe1f6dd8f	new			2026-07-05 06:41:00+00	2026-07-15 10:56:40.314095+00	شركة منازل البركة للتجارة		المؤسسة العامة للصناعات الهندسية		الرئيس alryys		سعيد محمد بارودجي	Sait M.Barutcu	1	السعودية
2231	172	ال رفاعي واصل\nAL RIFAI WASSEL	دكتور بيولوجي Biologist	ال رفاعي واصل AL RIFAI WASSEL	["+966 613570717"]	["alrifaiwal@hotemail.fr"]		فرنسا - باريس	نشاط غير محدد		0	f			30dd2da421c7c05755b6e639154f206ea622c207a0ec7abc53720086b512d3ab	new			2026-07-05 06:41:00+00	2026-07-15 10:56:40.354567+00	ال رفاعي واصل AL RIFAI WASSEL		غير ذلك		دكتور بيولوجي Biologist		ال رفاعي واصل	AL RIFAI WASSEL	1	فرنسا
2204	145	كمال الزوادي\nKamal Al Zawadi	مستشار تطوير أعمال Business Development Consultant	بيت المشورة	["963950010033"]	["kamalzawadi@hotmail.com"]	https://www.MashorAdvisory.com	غير محدد - قانونية	قانونية - استشارات قانونية ومالية		0	f			ff00e48319e28ec8352ba2e92c2a9b0d8f121d8d214d76a6b6c9e4e5726dffa8	new			2026-07-05 06:41:00+00	2026-07-15 10:56:40.31555+00	بيت المشورة		غير ذلك		مستشار تطوير أعمال Business Development Consultant		كمال الزوادي	Kamal Al Zawadi	1	سوريا
2205	146	مصطفى توزجو\nMustafa Tuzcu	نائب وزير Deputy Minister	وزارة التجارة التركية Turkish Ministry of Trade	["903323549705"]	["bakanyradmt@trade.gov.tr"]		غير محدد - غير محدد	نشاط غير محدد		0	f			479bd5142f9b8e764e3db7a2366373bf1d1f4f019f24618b951974bddfc0029e	new			2026-07-05 06:41:00+00	2026-07-15 10:56:40.317037+00	وزارة التجارة التركية Turkish Ministry of Trade		غير ذلك		نائب وزير Deputy Minister		مصطفى توزجو	Mustafa Tuzcu	1	تركيا
2206	147	عبد الله المهيدب\nAbdullah E.Almuhaidib	مدير استثمارات mdyr astthmarat	المهيدب	["466555658787"]	["abdullah.emad@muhaidib.com"]	https://www.muhaidib.com	السعودية - الدمام	غذائية - استثمارات غذائية واستهلاكية		0	f			f50d3ab7fe4233ae8037b83dbaeb97889dfa6f87c632a8c4dd3613771c378ebe	new			2026-07-05 06:41:00+00	2026-07-15 10:56:40.318504+00	المهيدب		مؤسسة الصناعات الغذائية		مدير استثمارات mdyr astthmarat		عبد الله المهيدب	Abdullah E.Almuhaidib	1	السعودية
2207	148	عماد بن فهد الدغيثر\nEmad Aldogaither	رئيس تنفيذي CEO	سيما نور	["+966 50 524 9200"]	["emad@semanoor.com.sa"]		السعودية - الرياض	تعليم - شركة تعليم وتدريب إلكتروني		0	f			7ea345815cd6575877aa302f54906ec7f60e7982d4f7351267d3593258d47e11	new			2026-07-05 06:41:00+00	2026-07-15 10:56:40.319864+00	سيما نور		المؤسسة العامة للصناعات الهندسية		رئيس تنفيذي CEO		عماد بن فهد الدغيثر	Emad Aldogaither	1	السعودية
2208	149	محمد شريف أوكمن\nMuhammed Serif Okmen	شريك تنفيذي Executive Partner	يليتي سيستمز ELETE SYSTEMS	["905496194200"]	["serif@elitess-int.com"]	https://WWW.ELITESS-INT.COM	تركيا - اسطنبول	نشاط غير محدد		0	f			427f14a14c81da9f1b18a438e18d6e8786cf38abef12a83d9000c6251ac03655	new			2026-07-05 06:41:00+00	2026-07-15 10:56:40.321382+00	يليتي سيستمز ELETE SYSTEMS		غير ذلك		شريك تنفيذي Executive Partner		محمد شريف أوكمن	Muhammed Serif Okmen	1	تركيا
2209	150	خالد الدغيم\nKHALED ALDUGHAIM	المدير العام General Manager	شبكة آرام الإعلامية	["14384515252"]	["dughaimk@gmail.com"]	https://www.aramme.com	غير محدد - غير محدد	نشاط غير محدد		0	f			566f6a97e6863dbf90348039714f70637a1a99d92c1836596e899c3c57e185b1	new			2026-07-05 06:41:00+00	2026-07-15 10:56:40.322818+00	شبكة آرام الإعلامية		غير ذلك		المدير العام General Manager		خالد الدغيم	KHALED ALDUGHAIM	1	الولايات المتحدة
2210	151	ي رشوان م سليم شعبان\nE.Rashwan M.Salim Shabaan	مدير Manager	ال هوجوج كونتراكتينغ AL HOJUJ CONTRACTING	["971026413754"]	["rashwan@hojuj-consulting.com"]	https://www.hojujcontracting.com	الإمارات - دبي	هندسية زجاج - خزانات ملحومة من الصلب ومغطاة بالزجاج		0	f			4503ab17e579d56d14aee7d7776d50c9f83c31a0d11a47bb43734191eeb9ee75	new			2026-07-05 06:41:00+00	2026-07-15 10:56:40.324182+00	ال هوجوج كونتراكتينغ AL HOJUJ CONTRACTING		المؤسسة العامة للصناعات الهندسية		مدير Manager		ي رشوان م سليم شعبان	E.Rashwan M.Salim Shabaan	1	الإمارات
2211	152	رياض رضاوي\nMR.RYAAD RADDAWI	رئيس President	رضاوي كومباني RADDAWI COMPANY	["963980263467"]	["r.raddawi@ros-invest.com"]	https://www.ros-invest.com	سوريا - دمشق	طاقة - خدمات التعاقد في مجال النفط		0	f			40f12e2b9b95a1043786a9b280cacb1416aed8bb69cbb767e6ce6df125f5f1c6	new			2026-07-05 06:41:00+00	2026-07-15 10:56:40.325518+00	رضاوي كومباني RADDAWI COMPANY		المؤسسة العامة للصناعات الهندسية		رئيس President		رياض رضاوي	MR.RYAAD RADDAWI	1	سوريا
2212	153	محمد ال اباسيري\nMohammed Al-abaseri	مدير علاقات عامة Public Relations Manager	لايت هاوس LIGHT HOUSE	["+966 9360 20022"]	[]		سوريا - دمشق	بناء معماري		0	f			9caffcbab7d84f95369bc2171cbe8343a158044ee20d28551ac09d67f0a7e76f	new			2026-07-05 06:41:00+00	2026-07-15 10:56:40.326862+00	لايت هاوس LIGHT HOUSE		المؤسسة العامة للصناعات الهندسية		مدير علاقات عامة Public Relations Manager		محمد ال اباسيري	Mohammed Al-abaseri	1	سوريا
2213	154	محمد سليمان\nMohammad Solaiman	مدير الشؤون المؤسسية والعمليات mdyr alshwwn almwssya walamlyat	وباري هاببوش(فارما OBARI HABBOUSH(pharma)	["963993130031"]	["mohammad.solaiman@oubari-habboush.com"]	https://www.oubari-habboush.com	سوريا - دمشق	صحي - استيراد وتسويق وتوزيع المنتجات والخدمات الصيدلانية في منطقة الشرق الأوسط وشمال إفريقيا		0	f			004c5e31271228dc54210e0f6cbe7645ce49690052fdf26294d44e516e2dbaf6	new			2026-07-05 06:41:00+00	2026-07-15 10:56:40.328318+00	وباري هاببوش(فارما OBARI HABBOUSH(pharma)		غير ذلك		مدير الشؤون المؤسسية والعمليات mdyr alshwwn almwssya walamlyat		محمد سليمان	Mohammad Solaiman	1	سوريا
2214	155	أحمد تيرياكيوغلو\nAhmet tiryAkioGlu	رئيس مجلس إدارة Chairman	تيرياكي Tiryaki	["902164225300"]	["ahmet.tiryakioglu@triaki.com.tr"]	https://www.tiryaki.com.tr	تركيا - اسطنبول	نشاط غير محدد		0	f			e2c1d651e7564248846c0148fb8632a2d0cc60e51ef52f54c72eae8260e5780e	new			2026-07-05 06:41:00+00	2026-07-15 10:56:40.329704+00	تيرياكي Tiryaki		غير ذلك		رئيس مجلس إدارة Chairman		أحمد تيرياكيوغلو	Ahmet tiryAkioGlu	1	تركيا
2215	156	أنور إسماعيل\nANWAR ISMAIL	رئيس President	غلوبال بياكي مالايسيا GLOBAL PEACE MALAYSIA	["+966 1138889400"]	["anwar_ibn_ismail@yaho.com"]	https://www.gpm.com.my	ماليزيا - غير محدد	نشاط غير محدد		0	f			1a8f7968fec041a4a8489dd5022a97ffa30dd54d66ca57477a2cdec9950aba4c	new			2026-07-05 06:41:00+00	2026-07-15 10:56:40.331103+00	غلوبال بياكي مالايسيا GLOBAL PEACE MALAYSIA		غير ذلك		رئيس President		أنور إسماعيل	ANWAR ISMAIL	1	ماليزيا
2216	157	أمين المحاميد\nAMIN ALMAHAMID	مدير تنفيذي مساهم mdyr tnfydhy msahm	ينتيرتاباك INTERTABAC	["97148871186"]	["amin@intertbc.com"]	https://www.intertbce.com	الإمارات - دبي	نشاط غير محدد		0	f			cf5202a65004eb0ced07a34520fbdfb7dc3e9c8128c97c257ee27f3fb39b0462	new			2026-07-05 06:41:00+00	2026-07-15 10:56:40.332442+00	ينتيرتاباك INTERTABAC		غير ذلك		مدير تنفيذي مساهم mdyr tnfydhy msahm		أمين المحاميد	AMIN ALMAHAMID	1	الإمارات
2217	158	أمين المحاميد\nAMIN ALMAHAMID	مدير عام مساهم General Manager / Partner	ادام إنترناشيونال ADAM international	["97148871186"]	["amin@adam-intl.com"]	https://www.adam-intl.com	الإمارات - دبي	نشاط غير محدد		0	f			7ae36763428834da006fa6c1785a65ec806d043aa6768ce67e49fe07c3348425	new			2026-07-05 06:41:00+00	2026-07-15 10:56:40.33375+00	ادام إنترناشيونال ADAM international		غير ذلك		مدير عام مساهم General Manager / Partner		أمين المحاميد	AMIN ALMAHAMID	1	الإمارات
2218	159	سعيد خاص\nSaeed Khass	مساعد المدير التنفيذي Assistant Executive Director	اريزونا ARIZONA	["963988885888"]	["saeed.khass@gmail.com"]	https://www.arizonaintl.com	سوريا - دمشق	مجموعة دولية		0	f			3ca8e6aba291026a6ce7828801e478ca286e59f24a946baf66e728ecd3e6bb8c	new			2026-07-05 06:41:00+00	2026-07-15 10:56:40.335222+00	اريزونا ARIZONA		غير ذلك		مساعد المدير التنفيذي Assistant Executive Director		سعيد خاص	Saeed Khass	1	سوريا
2219	160	كريستيان بوفيل\nChristian Beaufils	مصمم هندسي Engineering Designer	بيغ إنجينيرنغ PEG ENGINEERING	["410225456900"]	["christian.beaufils@pegeng.ch"]	https://www.pegeng.com	غير محدد - غير محدد	نشاط غير محدد		0	f			dcde2ee562290d83e3808ce5198d08bbcf0d2184b524d52910ab83ccc1bcc8f2	new			2026-07-05 06:41:00+00	2026-07-15 10:56:40.336939+00	بيغ إنجينيرنغ PEG ENGINEERING		غير ذلك		مصمم هندسي Engineering Designer		كريستيان بوفيل	Christian Beaufils	1	
2220	161	أحمد العزب\nAhmed Elazab	مصمم هندسي Engineering Designer	بيغ إنجينيرنغ PEG ENGINEERING	["410225456900"]	["ahmad.azab@pegeng.ch"]	https://www.pegeng.com	غير محدد - غير محدد	نشاط غير محدد		0	f			d5620ef830cafe2321aa22d408a964e887b66a079444d181d966dcc7112deba5	new			2026-07-05 06:41:00+00	2026-07-15 10:56:40.338543+00	بيغ إنجينيرنغ PEG ENGINEERING		غير ذلك		مصمم هندسي Engineering Designer		أحمد العزب	Ahmed Elazab	1	
2221	162	م.عمر حمد\nEng.Omar Hamd	المدير العام General Manager	غويفساندس GUIFSANDS	["963943004300"]	["omar.hamad@guifasands.com"]	https://www.guifsands.com	سوريا - دمشق	نشاط غير محدد		0	f			3dad0c3693eefa17cc293b45c91e08c6e01aa61cd13b49026c917aaba1c42d26	new			2026-07-05 06:41:00+00	2026-07-15 10:56:40.340104+00	غويفساندس GUIFSANDS		غير ذلك		المدير العام General Manager		م.عمر حمد	Eng.Omar Hamd	1	سوريا
2222	163	عمار النادر\nENG.AMAR A.NADER	المدير التنفيذي almdyr altnfydhy	ا و A&OO	["971543221305"]	["amr.nader@a3cement.com"]		الإمارات - غير محدد	نشاط غير محدد		0	f			1a571abe0f74584e31ebea1e58f46308860367c59bdb693c5500ba602bd8835c	new			2026-07-05 06:41:00+00	2026-07-15 10:56:40.341563+00	ا و A&OO		غير ذلك		المدير التنفيذي almdyr altnfydhy		عمار النادر	ENG.AMAR A.NADER	1	الإمارات
2223	164	إياد الحجي\nEYAD ALHAJJI	المدير العام General Manager	ميدماك سولوثيون ميديا MEDMAC SOLUTHION MEDYA	["905345711264"]	["eyad@sol-sy.com"]	https://www.sol-sy.com	تركيا - اسطنبول	نشاط غير محدد		0	f			fe6fef9955cd25bc7a0c5bbf96790bc5a843f435f4780311e65ff95a8f250366	new			2026-07-05 06:41:00+00	2026-07-15 10:56:40.342924+00	ميدماك سولوثيون ميديا MEDMAC SOLUTHION MEDYA		غير ذلك		المدير العام General Manager		إياد الحجي	EYAD ALHAJJI	1	تركيا
2224	165	حسن الحسن\nHASAN ELHASAN	المدير العام General Manager	مارت وف وورلد MART OF WORLD	["905307007930"]	["hasan.h@martofworld.com"]	https://www.Martofworld.com	تركيا - غير محدد	نشاط غير محدد		0	f			744c3ac9fc76332a369065c420c347472290a776e5a1d14886e68acba684b1cf	new			2026-07-05 06:41:00+00	2026-07-15 10:56:40.344367+00	مارت وف وورلد MART OF WORLD		غير ذلك		المدير العام General Manager		حسن الحسن	HASAN ELHASAN	1	تركيا
2225	166	وائل كعدان\nWael kaadan	مدير عام General Manager	بورياو فيريتاس BUREAU VERITAS	["963994445333"]	["wael.kaadan@bureauveritas.com"]	https://www.bureauveritas.com	سوريا - دمشق	نشاط غير محدد		0	f			7aa7b0decb0cec8efe4dabaa6aa1824a3bc61b4d8a2e143b41a073ed7ecb7c6f	new			2026-07-05 06:41:00+00	2026-07-15 10:56:40.345674+00	بورياو فيريتاس BUREAU VERITAS		غير ذلك		مدير عام General Manager		وائل كعدان	Wael kaadan	1	سوريا
2226	167	خالد بابللي\nceo.khaled babelli	مهندس استشاري Engineer Consultant	اراك ينساات ARAK insaat	["905360613930"]	["arakinsaat3@gmail.com"]	https://www.arakcrompany.com.tr	سوريا/تركيا - حلب/اسطنبول	نشاط غير محدد		0	f			e5621ad1e94caab685b5b0842d65058743374b99fa801603769a713a745c2fd3	new			2026-07-05 06:41:00+00	2026-07-15 10:56:40.347168+00	اراك ينساات ARAK insaat		غير ذلك		مهندس استشاري Engineer Consultant		خالد بابللي	ceo.khaled babelli	1	سوريا
2227	168	أحمد أصلان بينار\nAhmet aslanpinar	المدير العام General Manager	باسيفيك تيكنولوجي PASIFIK TEKNOLOJI	["903122860286"]	["ahmet.aslanpinar@pasifikteknoljo.com"]	https://www.pasifikteknoloji.com	تركيا - أنقرة	نشاط غير محدد		0	f			3ee684551a20c88626b8914f4bd659fc94763d7e09133f3a0f1ee5acfefc6c9d	new			2026-07-05 06:41:00+00	2026-07-15 10:56:40.348523+00	باسيفيك تيكنولوجي PASIFIK TEKNOLOJI		غير ذلك		المدير العام General Manager		أحمد أصلان بينار	Ahmet aslanpinar	1	تركيا
2228	169	إرجان دميرجي\nErcan Demirci	غير محدد Not specified	باسيفيك هولدينغ PASIFIK HOLDING	["093122854772"]	["edemirci@pasifik.com"]	https://www.pasifik.com	تركيا - أنقرة	نشاط غير محدد		0	f			03af480f816e54c730c1a9b76919e481ca2d786c1b05fb0f4523df5f0703086b	new			2026-07-05 06:41:00+00	2026-07-15 10:56:40.349882+00	باسيفيك هولدينغ PASIFIK HOLDING		غير ذلك		غير محدد Not specified		إرجان دميرجي	Ercan Demirci	1	تركيا
2229	170	جميل سماق\nJAMIL SEMMAK	الرئيس التنفيذي CEO	غاسسان ابود كارس GHASSAN ABOUD CARS	["971506263570"]	["jamil@aboudcar.com"]		الإمارات - دبي	صناعة سيارات		0	f			2902f317711db65a11c2ccb9e72744fdbdfb5e0dbec432d1c24a11624de6d2ec	new			2026-07-05 06:41:00+00	2026-07-15 10:56:40.351208+00	غاسسان ابود كارس GHASSAN ABOUD CARS		المؤسسة العامة للصناعات الهندسية		الرئيس التنفيذي CEO		جميل سماق	JAMIL SEMMAK	1	الإمارات
2230	171	محمد العلي\nMuhamed Al Ali	المدير العام General Manager	ياسمين مينينغ غو YASMIN MINING GO.	["+966 53 677 5088"]	["ksa@yasminemining.com"]		غير محدد - غير محدد	نشاط غير محدد		0	f			dc1a44a7b7624aa658c068a6ffba411c76ee139edaa13b401a0935771a07871a	new			2026-07-05 06:41:00+00	2026-07-15 10:56:40.353038+00	ياسمين مينينغ غو YASMIN MINING GO.		غير ذلك		المدير العام General Manager		محمد العلي	Muhamed Al Ali	1	السعودية
2233	174	فادي حافظ\nfadi hafez	المدير العام General Manager	مؤسسةفادي حافظ للتعهدات والمشاريع الإنشائيةوالتجارية	["963981646777"]	["gm@fh-cct-est.com"]	https://www.fh-cct-est.com	غير محدد - غير محدد	نشاط غير محدد		0	f			24b8d5730409df4d81c185eb39b82605017e02454d8644bc55e208a13e1f93e1	new			2026-07-05 06:41:00+00	2026-07-15 10:56:40.357403+00	مؤسسةفادي حافظ للتعهدات والمشاريع الإنشائيةوالتجارية		غير ذلك		المدير العام General Manager		فادي حافظ	fadi hafez	1	سوريا
2235	176	عبد الباسط الثقفي\nABDULBASET S.AL-THAGAFI	عضو مجلس الأعمال السعودي القطري Saudi-Qatari Business Council Member	مجموعة كفاءة التشغيل للمقاولات	["+966 50 304 7377"]	["a@op-ef.com"]	https://www.op.ef.com	السعودية /مصر /الإمارات - غير محدد	نشاط غير محدد		0	f			18a38552657488f63f4cd4e9d8eb11c248edbb7acbcc7f7263b93aa292bc0624	new			2026-07-05 06:41:00+00	2026-07-15 10:56:40.360546+00	مجموعة كفاءة التشغيل للمقاولات		غير ذلك		عضو مجلس الأعمال السعودي القطري Saudi-Qatari Business Council Member		عبد الباسط الثقفي	ABDULBASET S.AL-THAGAFI	1	السعودية
2236	177	ميخائيل أونماخت\nMichael OHNMACHT	قائم بالأعمال بالنيابة حاليا في مكتب الاتحاد الأوروبي في لبنان qaym balaamal balnyaba halya fy mktb alathad alawrwby fy lbnan	الاتحاد الأوروبي في لبنان European Union in Lebanon	["96176676588"]	["michael.ohnmacht@eeas.europa.eu"]		لبنان - بيروت	نشاط غير محدد		0	f			e1c3649d109ec7fac6400774579bf20cdd7184c103fab215237f51e3473af106	new			2026-07-05 06:41:00+00	2026-07-15 10:56:40.36186+00	الاتحاد الأوروبي في لبنان European Union in Lebanon		غير ذلك		قائم بالأعمال بالنيابة حاليا في مكتب الاتحاد الأوروبي في لبنان qaym balaamal balnyaba halya fy mktb alathad alawrwby fy lbnan		ميخائيل أونماخت	Michael OHNMACHT	1	لبنان
2237	178	نائل رجا الكباريتي\nNael Raja-Al-kabariti	رئيس مجلس إدارة Chairman	غرفة تجارة العقبة	["+962 7 9757 5750"]	["chairman@aqabacc.com"]		الأردن - غير محدد	نشاط غير محدد		0	f			197b85f7d65b7df554e2d315ba13e89bc548a3c305efb2e3a740db2b4bc2616e	new			2026-07-05 06:41:00+00	2026-07-15 10:56:40.364206+00	غرفة تجارة العقبة		غير ذلك		رئيس مجلس إدارة Chairman		نائل رجا الكباريتي	Nael Raja-Al-kabariti	1	الأردن
2238	179	م.البراء عبد الجبار النوير\nAlbaraa Nwair	المدير التنفيذي almdyr altnfydhy	مجموعة نوير الهندسية التجارية	["96393570008"]	["a.nawair@solver-me.com"]	https://www.solver-me.com	سوريا - حلب	المؤسسة العامة للصناعات الهندسية		0	f			8d3b65388819803f2669d9fc158b8c0e0cc4a54b90370258130c13b070c7cd74	new			2026-07-05 06:41:00+00	2026-07-15 10:56:40.3657+00	مجموعة نوير الهندسية التجارية		المؤسسة العامة للصناعات الهندسية		المدير التنفيذي almdyr altnfydhy		م.البراء عبد الجبار النوير	Albaraa Nwair	1	سوريا
2239	180	نبيل حداد\nNABEL HADAD	غير محدد Not specified	ماري سنتر	["+966 9323 49410"]	[]		سوريا - ريف دمشق	بيع وشراء أجهزة كومبيوتر وموبايل		0	f			a0bb228b6787ff13fe0def9abcfe96e64c30961634f62638fc299ad1e85696bd	new			2026-07-05 06:41:00+00	2026-07-15 10:56:40.3671+00	ماري سنتر		غير ذلك		غير محدد Not specified		نبيل حداد	NABEL HADAD	1	سوريا
2272	213	أنيس القلم\nAnees Al Qalam	المدير التنفيذي/عضو مجلس إدارة almdyr altnfydhy/adw mjls idara	QBZ/للاستثمار	["971568099997"]	["anees@qbzinvestment.com"]	https://www.qbzinvestment.com	الإمارات - دبي	نشاط غير محدد		0	f			26f2ecbbc3dd96c4c3bc5b54263481d13435d92c84ffb387811715d3ef74d297	new			2026-07-05 06:41:00+00	2026-07-15 10:56:40.413971+00	QBZ/للاستثمار		غير ذلك		المدير التنفيذي/عضو مجلس إدارة almdyr altnfydhy/adw mjls idara		أنيس القلم	Anees Al Qalam	1	الإمارات
2240	181	بيتر رادماكر\nPeter RadmaKer	نائب المدير الإقليمي/مدير فريق العمل اللائق للدول العربية nayb almdyr aliqlymy/mdyr fryq alaml allayq lldwl alarbya	منظمة العمل الدولية	["+966 9617 52400"]	["rademaker@ilo.org"]		بيروت - لبنان	نشاط غير محدد		0	f			861f9ad9f86865867500a7abf9160faed3214e9f979f8aa1a1e764ba9ede4879	new			2026-07-05 06:41:00+00	2026-07-15 10:56:40.368613+00	منظمة العمل الدولية		غير ذلك		نائب المدير الإقليمي/مدير فريق العمل اللائق للدول العربية nayb almdyr aliqlymy/mdyr fryq alaml allayq lldwl alarbya		بيتر رادماكر	Peter RadmaKer	1	لبنان
2241	182	مازن رفاعي\nMazen Rifai	صحفي shfy	فرد / مستقل Individual / Independent	["40722500477"]	["mazen@ana-news.ro"]	https://www.ana-new.ro	غير محدد - غير محدد	نشاط غير محدد		0	f			4d46ac60f1c167f87ebe853b26f7df90f87c8fac511b5df5cb52648dec312707	new			2026-07-05 06:41:00+00	2026-07-15 10:56:40.37001+00	فرد / مستقل Individual / Independent		غير ذلك		صحفي shfy		مازن رفاعي	Mazen Rifai	1	
2242	183	عدنان دياب المبارك\nADnan aLMobarak	مدير العمليات mdyr alamlyat	شركة الثليم للخدمات المتكاملة	["+966 13 882 1555"]	["almobarak@althelim.com.sa"]	https://www.althelim.com.sa	سوريا - دمشق	نشاط غير محدد		0	f			db155189735a59e51ffd045e5827e8d8ae8463676cc2339a27994e1b12631de5	new			2026-07-05 06:41:00+00	2026-07-15 10:56:40.3714+00	شركة الثليم للخدمات المتكاملة		غير ذلك		مدير العمليات mdyr alamlyat		عدنان دياب المبارك	ADnan aLMobarak	1	سوريا
2243	184	كابيلا سوسانتا جاياويرا\nkapila susantha jayaweera	سفير مفوض فوق العادة sfyr mfwd fwq alaada	سفارة سريلانكا Embassy of Sri Lanka	["96171668538"]	["kapila.jayaweera@mfa.gov.lk"]		بيروت - لبنان	نشاط غير محدد		0	f			10265791298acb028c47150a6f779b0470a9bc78833050c9b5476bf6faec2508	new			2026-07-05 06:41:00+00	2026-07-15 10:56:40.372771+00	سفارة سريلانكا Embassy of Sri Lanka		غير ذلك		سفير مفوض فوق العادة sfyr mfwd fwq alaada		كابيلا سوسانتا جاياويرا	kapila susantha jayaweera	1	لبنان
2244	185	غير محدد\nNot specified	غير محدد Not specified	كارما شعار KARMA SHAAR	["64221927389"]	["karm@karmshaar.com"]	https://www.karmshaar.com	غير محدد - غير محدد	استشارات في الاقتصاد السياسي		0	f			d1bad080f1e9b7eca5ffb2a72ae64a1929ac0fc6cc9b452f9786e25e3ec2d93f	new			2026-07-05 06:41:00+00	2026-07-15 10:56:40.374163+00	كارما شعار KARMA SHAAR		غير ذلك		غير محدد Not specified		غير محدد	Not specified	1	
2246	187	محمود يوسف جراح\nMahmooud Jarrah	الأمين العام alamyn alaam	الاتحاد العربي للمعارض والمؤتمرات الدولية	["962795003700"]	["jarrahmahmoud@gmail.com"]	https://www.auiec.org	مصر - القاهرة	منظمات - منظمة عربية دولية		0	f			76c12e2dfc4f743be373a982b402f44825e4c3114b35c2afc9465908c2bb4112	new			2026-07-05 06:41:00+00	2026-07-15 10:56:40.376983+00	الاتحاد العربي للمعارض والمؤتمرات الدولية		غير ذلك		الأمين العام alamyn alaam		محمود يوسف جراح	Mahmooud Jarrah	1	مصر
2247	188	محمد أبو عزة\nMOHAMAD ABO AZZA	أمين عام المجلس العربي الإفريقي/منسق عام للتحكيم الدولي والرقمي amyn aam almjls alarby alifryqy/mnsq aam llthkym aldwly walrqmy	المجلس العربي الإفريقي للإعمار /المنظمة العالمية للتحكيم الدولي والإفريقي	["963984984012"]	["mhz978@gmail.com"]		غير محدد - غير محدد	نشاط غير محدد		0	f			b8f8ae3063c80b3538558e1b65fc7c852513aa3bf497bc542821f1c448767f21	new			2026-07-05 06:41:00+00	2026-07-15 10:56:40.378435+00	المجلس العربي الإفريقي للإعمار /المنظمة العالمية للتحكيم الدولي والإفريقي		غير ذلك		أمين عام المجلس العربي الإفريقي/منسق عام للتحكيم الدولي والرقمي amyn aam almjls alarby alifryqy/mnsq aam llthkym aldwly walrqmy		محمد أبو عزة	MOHAMAD ABO AZZA	1	سوريا
2248	189	د.نائل فهد الحسامي\nDr.Nael F.Al husami	المدير العم/الأمين العام almdyr alam/alamyn alaam	غرفة صناعة عمان	["962795566906"]	["nael@aci.org.jo"]		الأردن - عمان	نشاط غير محدد		0	f			75c4f79695ea77abb44fbfe7088b117108b6e38d51cb0d81787519f424d9ab87	new			2026-07-05 06:41:00+00	2026-07-15 10:56:40.379805+00	غرفة صناعة عمان		غير ذلك		المدير العم/الأمين العام almdyr alam/alamyn alaam		د.نائل فهد الحسامي	Dr.Nael F.Al husami	1	الأردن
2249	190	أنس الطحان\nANAS TAHHAN	مدير Manager	نيكسوس NEXUS	["905550708000"]	["nexussyria@gmail.com"]		سوريا - حلب	ربط الشراكات والأعمال الاستراتيجية		0	f			9cc01b23df8608f6028ae6ae468f4c6f2667fbf227716dbf6a6fb2f3c0010089	new			2026-07-05 06:41:00+00	2026-07-15 10:56:40.381182+00	نيكسوس NEXUS		غير ذلك		مدير Manager		أنس الطحان	ANAS TAHHAN	1	سوريا
2250	191	م.وسيم العاصي\nwaseem al assi	غير محدد Not specified	فرد / مستقل Individual / Independent	["+966 9560 70099"]	["waseemo.assi@hotmall.com"]		سوريا - دمشق حاميش	دراسة وإشراف وتنفيذ مشاريع صناعيةوتأمين مستلزمات وقطع صناعية		0	f			a5f5534f5336b204a9cd3880db0a45ebbb56cf37e926d762a674c0fb0be94bee	new			2026-07-05 06:41:00+00	2026-07-15 10:56:40.382539+00	فرد / مستقل Individual / Independent		غير ذلك		غير محدد Not specified		م.وسيم العاصي	waseem al assi	1	سوريا
2251	192	د.عماد قصاص\nDR.IMAD KASSAS	الرئيس alryys	جالية السوريين-رومانيا	["40744561619"]	["imad.kassas@yahoo.com"]		رومانيا - بوخارست	نشاط غير محدد		0	f			cb6217575cc93f2d57db42d04ae734ec04d20ef241c7b5b6fce5d1b7863ddddc	new			2026-07-05 06:41:00+00	2026-07-15 10:56:40.384292+00	جالية السوريين-رومانيا		غير ذلك		الرئيس alryys		د.عماد قصاص	DR.IMAD KASSAS	1	رومانيا
2252	193	م.رشوان محمد سليم\nEng.Rachwan M.Salim	مدير عام General Manager	شركة النقطة المتعددة للمقاولات والصيانة العامة	["971509996331"]	["rach_shabaan@hotmaail.com"]	https://almassa_me.com	الإمارات - أبو ظبي	نشاط غير محدد		0	f			7d5e527fbbcfe3486fac3d20230b34bc1d424d9ea48ea660c5f413782dc6b810	new			2026-07-05 06:41:00+00	2026-07-15 10:56:40.385786+00	شركة النقطة المتعددة للمقاولات والصيانة العامة		غير ذلك		مدير عام General Manager		م.رشوان محمد سليم	Eng.Rachwan M.Salim	1	الإمارات
2287	227	جورج قليونجي\nGeorge Qilyonji	مدير عام General Manager	الحديثة للطباعة والتغليف	["+966 9551 30077"]	[]	https://www.alhadeetheh.com	سورية - حلب	نشاط غير محدد		0	f			e0b27aeabc157127d5ecb90ea6874716bfe5d518e51e0341d393c6327200eda6	new			2026-07-05 06:41:00+00	2026-07-15 10:56:40.438276+00	الحديثة للطباعة والتغليف		غير ذلك		مدير عام General Manager		جورج قليونجي	George Qilyonji	1	سوريا
2253	194	أسامة بشناتي\nOSSAMA BSHENNATY	الرئيس التنفيذي للتطوير /مستشار رئيس مجلس الإدارة alryys altnfydhy llttwyr /mstshar ryys mjls alidara	تدمر القابضة	["97455827372"]	["ossama.bshennty@tadmurholding.com"]	https://www.tadmurholding.com	غير محدد - غير محدد	نشاط غير محدد		0	f			45a3f43b811151ceb5554aac9574a3298846ec1f58f5fb8f30e84d5a3c9d94c5	new			2026-07-05 06:41:00+00	2026-07-15 10:56:40.387136+00	تدمر القابضة		غير ذلك		الرئيس التنفيذي للتطوير /مستشار رئيس مجلس الإدارة alryys altnfydhy llttwyr /mstshar ryys mjls alidara		أسامة بشناتي	OSSAMA BSHENNATY	1	قطر
2254	195	د.محمد عبد ربه\nDR.Mohammad AbedRabo	رئيس مجلس الإدارة/عضو مجلس الاتحاد العربي Chairman / Arab Union Board Member	الشركة الماسية الدولية للاستثمار/منطقة حرة خاصة	["962795500924"]	["dr.moh@diamonds.com.jo"]		الأردن - عمان	نشاط غير محدد		0	f			99089a4b295f8563723563eb0d5ac9723130f76ddc6d6922db486bf254d8774f	new			2026-07-05 06:41:00+00	2026-07-15 10:56:40.388504+00	الشركة الماسية الدولية للاستثمار/منطقة حرة خاصة		غير ذلك		رئيس مجلس الإدارة/عضو مجلس الاتحاد العربي Chairman / Arab Union Board Member		د.محمد عبد ربه	DR.Mohammad AbedRabo	1	الأردن
2255	196	م.محمد اللازم\nEng.Mohammed Alazem	رئيس مجلس إدارة Chairman	سبكو	["+966 12 663 4331"]	["malazem@cepco-sa.com"]	https://www.cepco-sa.com	الأردن - غير محدد	نشاط غير محدد		0	f			be90e9031723e7ef80ff13ea245345959c28b1a98c5c25c1846982b9c1121e06	new			2026-07-05 06:41:00+00	2026-07-15 10:56:40.389971+00	سبكو		غير ذلك		رئيس مجلس إدارة Chairman		م.محمد اللازم	Eng.Mohammed Alazem	1	الأردن
2256	197	م.زكريا عبد الرحمن اليحيى العبد القادر\nEng.zakariya A.Y.ALAbdulqader	رئيس مجلس إدارة Chairman	شركة منشآت العالمية القابضة	["+966 13 859 2999"]	["z@aaq.com.sa"]	https://www.aaq.com.sa	السعودية - الخبر	نشاط غير محدد		0	f			34032450eda884d06bd34cd2ac6f1540badf5d51f4422aac4965a69e9a136af1	new			2026-07-05 06:41:00+00	2026-07-15 10:56:40.391367+00	شركة منشآت العالمية القابضة		غير ذلك		رئيس مجلس إدارة Chairman		م.زكريا عبد الرحمن اليحيى العبد القادر	Eng.zakariya A.Y.ALAbdulqader	1	السعودية
2257	198	لو فانغ مينغ\nlu fang ming	المدير almdyr	شركة فانغ مينغ لو	["+966 9807 68236"]	[]		سوريا - دمشق عدرا الصناعية	صناعة وتجارة الدراجات الكهربائية والنارية		0	f			5ac893b351a64533f4a3025d40c1dd19d74b7d0cf0871472bd0b05f7da37d3f0	new			2026-07-05 06:41:00+00	2026-07-15 10:56:40.392714+00	شركة فانغ مينغ لو		المؤسسة العامة للصناعات الهندسية		المدير almdyr		لو فانغ مينغ	lu fang ming	1	سوريا
2258	199	أنيس القلم\nAnees Al Qalam	المدير almdyr	القالام غروب ALQALAM GrOUP	["971568099997"]	["anees.qalam@alqalamgroup.com"]	https://www.alqalamgroup.com	االإمارات - دبي	مجموعة شركات استثمارية قطاع العقارات/الخدمات/ الاتصالات /خدمات السيارات /التعدين/ الترفيه		0	f			2a2ffb832ac2f8959252b94d902bc6ca0ca72b1cb7f7d55d3235f87af482bd21	new			2026-07-05 06:41:00+00	2026-07-15 10:56:40.394038+00	القالام غروب ALQALAM GrOUP		المؤسسة العامة للصناعات الهندسية		المدير almdyr		أنيس القلم	Anees Al Qalam	1	الإمارات
2023	1	محمد صديق مضوي\nMohammed Siddig Mudawi	نائب الممثل المقيم Deputy Resident Representative	برنامج الأمم المتحدة الإنمائي	["963116129811", "963989300250"]	["mohammedsiddig.mudawi@undp.org"]		الجمهورية العربية السورية - دمشق (مزة فيلات غربية)	نشاط غير محدد		0	f			828ea1bb27ccf8d9b65726f707233c943d02ff56e73eba972e82cd5d20475f9e	new			2026-07-05 06:41:00+00	2026-07-15 10:56:40.434189+00	برنامج الأمم المتحدة الإنمائي		غير ذلك		نائب الممثل المقيم Deputy Resident Representative		محمد صديق مضوي	Mohammed Siddig Mudawi	1	سوريا
2034	281	جيم عثمان سوكولو Cem Osman SOKULLU	مدير منطقة الشرق الأوسط وشمال أفريقيا MENA Region Director	شركة ناكاس القابضة NAKKAS HOLDING	["+90 530 402 49 25", "+90 216 275 77 00", "+90 216 275 77 05"]	["cem.sokullu@nakkasholding.com.tr"]	https://www.nakkasholding.com.tr	Kuzguncuk Mah. Gümüşyolu Çıkmazı Sok. No:5 Üsküdar, İstanbul, TÜRKİYE	أعمال التعدين وقطع الصخور، المسح الجيولوجي، الاستكشاف، حفر الآبار والأنفاق		0	f			2ce6ce013126443ac3212a38c05af16daef128b4e34a435811e33295450e68f9	new			2026-07-09 00:51:00+00	2026-07-15 10:56:40.038009+00	شركة ناكاس القابضة NAKKAS HOLDING		هيئة ادارة المعادن النبيلة وهيئة المواصفات و المقاييس		مدير منطقة الشرق الأوسط وشمال أفريقيا MENA Region Director		جيم عثمان سوكولو Cem Osman SOKULLU		1	تركيا
2036	279	سامي ميزيكوب Sami Meczub	مهندس ميكانيكي، تجارة خارجية Mechanical Engineer, Foreign Trade	INTERPET PETROL TECHİZAT SAN. ve TİC. LTD ŞTİ.	["+90 536 737 36 25", "+90 216 540 65 00", "+90 216 540 60 09"]	["sami@interpet.com.tr"]	https://www.interpet.com.tr	Tavukçu Yolu Cad. Anıl Sk. No:3 Y.Dudullu-Ümraniye / İSTANBUL - TÜRKİYE	شركة متخصصة\nفي معدات محطات الوقود والهندسة		0	f			56cbad00f04e9233d38102548796d07ab27adba05faf600436c6a677b0983988	new			2026-07-09 00:48:00+00	2026-07-15 10:56:40.041373+00	INTERPET PETROL TECHİZAT SAN. ve TİC. LTD ŞTİ.		المؤسسة العامة للصناعات الهندسية		مهندس ميكانيكي، تجارة خارجية Mechanical Engineer, Foreign Trade		سامي ميزيكوب Sami Meczub		1	تركيا
2038	277	خالد عبدالرحمن احمد\nKhaled Abdulrahman Ahmed	قائد فريق – العمليات (البنية التحتية الاقتصادية)، المكتب الإقليمي لمجموعة البنك الإسلامي للتنمية، جدة\nTeam Leader – Operations (Economic Infrastructure), Islamic Development Bank Group Regional Office, Jeddah	البنك الاسلامي للتنمية\nislamic development bank	["+966 50 135 3738"]	["kahmed@isdb.org"]	https://www.isdb.org				0	f			ba45329ccba204a8990d6e0dd02052e9ee00b0c5bc49b1ef038cd1915858fe33	new			2026-07-06 07:28:00+00	2026-07-15 10:56:40.044332+00	البنك الاسلامي للتنمية	islamic development bank	غير ذلك		قائد فريق – العمليات (البنية التحتية الاقتصادية)، المكتب الإقليمي لمجموعة البنك الإسلامي للتنمية، جدة	Team Leader – Operations (Economic Infrastructure), Islamic Development Bank Group Regional Office, Jeddah	خالد عبدالرحمن احمد	Khaled Abdulrahman Ahmed	1	السعودية
2039	276	الدتور عبد المتين تيرون Dr. Abdulmaten Taroun	المؤسس والعضو المنتدب Founder and Managing Director	المؤسسة الاستشارية السورية البريطانية The Syrian-British Consultancy Institution	["+44 7894 352470"]	["info@sbci.org.uk", "a.taroun@worc.ac.uk"]	https://sbci.org.uk		المقاولات والإنشاءات وأعمال البنية التحتية		0	f			95511c1f8ecfec8eb14acce3434fc957343a3696db396af799cbf814c59e3c37	new			2026-07-06 07:24:00+00	2026-07-15 10:56:40.046758+00	المؤسسة الاستشارية السورية البريطانية The Syrian-British Consultancy Institution		المؤسسة العامة للصناعات الهندسية		المؤسس والعضو المنتدب Founder and Managing Director		الدتور عبد المتين تيرون Dr. Abdulmaten Taroun		1	بريطانيا
2040	275	وسيم بشار الطهاوي\nWassim Al Tahawi	الرئيس التنفيذي لقطاع الحوكمة، المخاطر والامتثال التنفيذي\nChief Governance, Risk, and Compliance Officer Executive	بنده\nPanda	["+96612239400010008", "+966 55 888 2568", "+966 12 239 4000"]	["waltahawi@panda.com.sa"]	https://www.panda.com.sa	Savola Tower-The Headquarters Business Park-Prince Faisal Bin Fahd Road-Jeddah-Kingdom Of Saudi Arabia			0	f			ea6a49af5dc149fbda04425f95ff6f92ecae0c7493641096617d6d250c896708	new			2026-07-06 07:23:00+00	2026-07-15 10:56:40.048455+00	بنده	Panda	مركز الاختبارات و الابحاث		الرئيس التنفيذي لقطاع الحوكمة، المخاطر والامتثال التنفيذي	Chief Governance, Risk, and Compliance Officer Executive	وسيم بشار الطهاوي	Wassim Al Tahawi	1	السعودية
2041	274	عامر الحافي\namer al hafi	مدير تنفيذي\nCO-FOUNDER& CEO	الرؤية الجديدة\nNEW VISION	["+0201277500008"]	["Newvision.rollingshutter@gmail.com"]		gesr al suez street\ngamal abd el-nasir			0	f			99d2cd4f9aa96f9662311f9bbbbe38bfa70aa53f7994119b475c4b2f3db07be2	new			2026-07-06 06:01:00+00	2026-07-15 10:56:40.050004+00	الرؤية الجديدة	NEW VISION	غير ذلك		مدير تنفيذي	CO-FOUNDER& CEO	عامر الحافي	amer al hafi	1	
2042	273	بسام الفقش\nBassam El-faksch	المدير الإقليمي\nRegional Manager	ELBAYRAK GROUP	["+963 989 013 303"]	["b.faksch@elbayrak.com"]	https://www.elbayrak.com	Syria - Homs - Tartous Road	المقاولات والإنشاءات وأعمال البنية التحتية		0	f			9576b9331a8caac652b62557fadb2d983a4901c1503e44a86f6bd4246c1420df	new			2026-07-06 05:18:00+00	2026-07-15 10:56:40.051403+00	ELBAYRAK GROUP		مركز الاختبارات و الابحاث		المدير الإقليمي	Regional Manager	بسام الفقش	Bassam El-faksch	1	سوريا
2043	272	سامر رمضان Samer Ramadan	الممثل الرسمي للاتحاد في تركيا\nThe Union's official representative in Türkiye	مجلس الوحدة الاقتصادية العربية الاتحاد العربي للصناعات الجلدية\nArab Union for Leather Industries	["+90 552 599 99 09", "+90 212 852 08 28"]	["aljalilgroup.tr@gmail.com"]	https://www.jo-arabicleatherunion.com	Barbaros Hayrettin Paşa Mah. Nazım Hikmet Blv. A Aqua No: 84 A İç Kapı No: 223 - Esenyurt / ISTANBUL	الصناعات الجلدية		0	f			29b3db10e55f189d429f56eecf836a860bcfe20a986b659921061f21a7569809	new			2026-07-06 05:07:00+00	2026-07-15 10:56:40.052797+00	مجلس الوحدة الاقتصادية العربية الاتحاد العربي للصناعات الجلدية	Arab Union for Leather Industries	هيئة ادارة المعادن النبيلة وهيئة المواصفات و المقاييس		الممثل الرسمي للاتحاد في تركيا	The Union's official representative in Türkiye	سامر رمضان Samer Ramadan		1	تركيا
2044	271	عمر عثمان بابكر\nOmar Osman Babiker	أخصائي إدارة المشاريع, العمليات القطرية لدول مجلس التعاون الخليجي واليمن\nProject Management Specialist, Country Operations GCC & Yemen	البنك الإسلامي للتنمية\nIslamic Development Bank	["+966 55 519 2497"]	["obabiker@isdb.org"]	https://www.isdb.org	8111 King Khalid St. Al Nuzlah Al Yamania Dist. Unit No. 1 Jeddah 22332-2444 Kingdom of Saudi Arabia	التنمية المصرفية الإسلامية		0	f			6ddcef57c2ca4886a60208949a6aa730858fdc024d3c6b4fcff05d9d46349b00	new			2026-07-06 03:47:00+00	2026-07-15 10:56:40.054288+00	البنك الإسلامي للتنمية	Islamic Development Bank	غير ذلك		أخصائي إدارة المشاريع, العمليات القطرية لدول مجلس التعاون الخليجي واليمن	Project Management Specialist, Country Operations GCC & Yemen	عمر عثمان بابكر	Omar Osman Babiker	1	السعودية
2045	270	صالح الجلاصي\nSalah Jelassi	مدير المكتب الاقليمي بجدة عمليات دول مجلس التعاون الخليجي واليمن ودول المشرق العربي البرامج القطرية\nDirector, Regional Hub Jeddah Operations in GCC, Yemen & Levant Region Country Programs	البنك الإسلامي للتنمية\nIslamic Development Bank	["+966 53 730 1571"]	["sjelassi@isdb.org"]	https://www.isdb.org	8111 King Khalid St. Al Nuzlah Al Yamania Dist. Unit No. 1 Jeddah 22332-2444 Kingdom of Saudi Arabia	الخدمات المصرفية التنموية		0	f			5d8c0ccd4e7b98b7313e3e6f8dafafcaee5fa23f655de9f2b7156bd04539450b	new			2026-07-06 03:46:00+00	2026-07-15 10:56:40.055685+00	البنك الإسلامي للتنمية	Islamic Development Bank	غير ذلك		مدير المكتب الاقليمي بجدة عمليات دول مجلس التعاون الخليجي واليمن ودول المشرق العربي البرامج القطرية	Director, Regional Hub Jeddah Operations in GCC, Yemen & Levant Region Country Programs	صالح الجلاصي	Salah Jelassi	1	السعودية
2046	269	محمد عامر الحافي Mohammed Amer Al-Hafi	المدير العام General Manager	aksa	["+963 985 000 464", "+20 12 77500008"]	["AMER.AKSA.SYRIA@GMAIL.COM"]		Damascus	النوافذ المتطورة		0	f			021399dc105b721aea148fc97bf60fcfb073d79a0099abd97e6583c65db81b25	new			2026-07-06 03:38:00+00	2026-07-15 10:56:40.058181+00	aksa		المؤسسة العامة للصناعات الهندسية		المدير العام General Manager		محمد عامر الحافي Mohammed Amer Al-Hafi		1	سوريا
2047	268	مروان ديماس\nMarwan Dimas	المدير التنفيذي - سوريا\nManaging Director - Syria	POWER INTERNATIONAL - HOLDING	["+963 959 777 999", "+974 5053 6223"]	["m.dimas@powerholding.com"]	https://www.powerholding-intl.com	Mazzeh, Al-alam street, Power Holding Group	شركة قابضة متنوعة الأنشطة		0	f			251ade78224274eb32d3fe18570b5c532580339b30cbe905b304a1b099c90faa	new			2026-07-06 03:36:00+00	2026-07-15 10:56:40.060669+00	POWER INTERNATIONAL - HOLDING		غير ذلك		المدير التنفيذي - سوريا	Managing Director - Syria	مروان ديماس	Marwan Dimas	1	سوريا
2048	267	وسام عابدين Wissam Abedin	نائب المدير العام Deputy Director General	يودين YODEEN	["+963 933 210 211"]	["wissam.abdeen@yodeen.net"]	https://www.yodeen.net		للصناعات الكيميائية		0	f			97af150d1359c050e2763befa023ed02e7912dc5235df82975f3771172e5fcc5	new			2026-07-06 03:34:00+00	2026-07-15 10:56:40.062214+00	يودين YODEEN		المؤسسة العامة للصناعات الكيميائية		نائب المدير العام Deputy Director General		وسام عابدين Wissam Abedin		1	سوريا
2049	266	م. خالد عبد الرحمن العثمان\nEng. Khalid A. Al Othman	رئيس اللجنة الوطنية للاستدامة والاقتصاد الأخضر\nPresident of the National Committee for Sustainability and Green Economy	اللجنة الوطنية للاستدامة والاقتصاد الأخضر\nNational Committee for Sustainability and Green Economy	["+966 55 544 6734"]	["khalid.othman@imar.com.sa"]	https://fsc.org.sa	P.O. Box 16683 Riyadh 11474, Kingdom of Saudi Arabia	الاستدامة والاقتصاد الأخضر		0	f			9a9b3c26a80df65e70fac9fee2a477ece677c3c477d4de93d699813259714f27	new			2026-07-06 03:33:00+00	2026-07-15 10:56:40.063627+00	اللجنة الوطنية للاستدامة والاقتصاد الأخضر	National Committee for Sustainability and Green Economy	غير ذلك		رئيس اللجنة الوطنية للاستدامة والاقتصاد الأخضر	President of the National Committee for Sustainability and Green Economy	م. خالد عبد الرحمن العثمان	Eng. Khalid A. Al Othman	1	السعودية
2050	265	علاء الدين تلجبيني Aladin Taljebbini	شريك Partner	شركة مولر للصناعات الغذائية Muller for Food Industries Company	["+36 30 941 0183"]	["aladin.t1993@gmail.com", "info@muller-food.com"]	https://www.muller-food.com	Block no. 3, Street no. 5, Third Industrial Zone, Industrial City, Sheikh Najjar, Aleppo-Syria	صناعات غذائية		0	f			be69abc1ac3c76f9ec4501004fd9b839402441aa851c6461c29a5df785868202	new			2026-07-06 03:31:00+00	2026-07-15 10:56:40.065843+00	شركة مولر للصناعات الغذائية Muller for Food Industries Company		مؤسسة الصناعات الغذائية		شريك Partner		علاء الدين تلجبيني Aladin Taljebbini		1	سوريا
2051	264	محمد الأمير\nMohammed Alamir	مدير مكتب إدارة المشاريع ودعم اتخاذ القرار\nProject Management Office (PMO) and Decision Support Director	وزارة المالية\nMINISTRY OF FINANCE	["+963 983 411 891"]	["malamir@mof.gov.sy"]			إدارة الشؤون المالية الحكومية		0	f			2d7348815d0ceb1dcf9ea32b36eb450b2f9ce5984a8ab82d8c7c33b90d995164	new			2026-07-06 03:26:00+00	2026-07-15 10:56:40.067542+00	وزارة المالية	MINISTRY OF FINANCE	غير ذلك		مدير مكتب إدارة المشاريع ودعم اتخاذ القرار	Project Management Office (PMO) and Decision Support Director	محمد الأمير	Mohammed Alamir	1	سوريا
2052	263	فاضل يعقوب\nFadel M. Yacoub	الوزير المفوض, رئيس المكتب الاقتصادي والتجاري\nMinister Plenipotentiary, Head of the Economic and Commercial Office	سفارة جمهورية مصر العربية في دمشق\nEmbassy of the A.R. of Egypt in Damascus	["+963 958 859 915"]	["damascus@ecs.gov.eg"]					0	f			ba6a8ead39e022737c37df75a9cee839439448911bc58eae7ca2963096725eca	new			2026-07-06 03:23:00+00	2026-07-15 10:56:40.069035+00	سفارة جمهورية مصر العربية في دمشق	Embassy of the A.R. of Egypt in Damascus	غير ذلك		الوزير المفوض, رئيس المكتب الاقتصادي والتجاري	Minister Plenipotentiary, Head of the Economic and Commercial Office	فاضل يعقوب	Fadel M. Yacoub	1	سوريا
2053	262	د. حسام حسن العويد\nDr. HUSSAM HASAN ALAUWEID	ماجستير في جراحة القلب والأوعية الدموية\nMsc. Cardiovascular surgery		["+90 505 011 50 00"]	["Dr.hussam.vas@gmail.com"]			جراحة القلب والأوعية الدموية		0	f			0aabe1adcebc682e056c7dc903cf233811395b93b276a29499d6ca3c33eb73a6	new			2026-07-06 02:59:00+00	2026-07-15 10:56:40.070439+00			غير ذلك		ماجستير في جراحة القلب والأوعية الدموية	Msc. Cardiovascular surgery	د. حسام حسن العويد	Dr. HUSSAM HASAN ALAUWEID	1	تركيا
2054	261	عبد السلام فاتح Abdulsalam fateh	مدير مشروع Project manager	شركة عبدالوهاب صالح الراجحي\nAbdul Wahab S. Al Rajhi Co.	["+966 50 003 3127"]	["a.fateh@alrajhi.com.sa"]	https://www.marbleboutique.com.sa		أعمال التعدين وقطع الصخور، المسح الجيولوجي، الاستكشاف، حفر الآبار والأنفاق		0	f			5514e4667850b379cde752d94c9bd253eb88b3d263971eb94b08efda6f19409c	new			2026-07-06 02:56:00+00	2026-07-15 10:56:40.071846+00	شركة عبدالوهاب صالح الراجحي	Abdul Wahab S. Al Rajhi Co.	هيئة ادارة المعادن النبيلة وهيئة المواصفات و المقاييس		مدير مشروع Project manager		عبد السلام فاتح Abdulsalam fateh		1	السعودية
2055	260	عصام فاتح Essam Fateh	مدير تنفيذي Executive manager	شركة عبدالوهاب صالح الراجحي للتجارة\nAbdul Wahab S. Al Rajhi Co. For Trading	["+966 50 557 7333", "+966 50 441 6593"]	["fateh@alrajhi.com.sa"]	https://www.marbleboutique.com.sa	SAUDI ARABIA	أعمال التعدين وقطع الصخور، المسح الجيولوجي، الاستكشاف، حفر الآبار والأنفاق		0	f			5ef2618aa03f230b7778a5022ba4ec692dd1cdf7f7c4a3ab11a471157e524cec	new			2026-07-06 02:54:00+00	2026-07-15 10:56:40.073277+00	شركة عبدالوهاب صالح الراجحي للتجارة	Abdul Wahab S. Al Rajhi Co. For Trading	هيئة ادارة المعادن النبيلة وهيئة المواصفات و المقاييس		مدير تنفيذي Executive manager		عصام فاتح Essam Fateh		1	السعودية
2056	259	مهند مقصوسة Muhanad Maksousa	شريك ورئيس تنفيذي للإبداع Partner & CCO	RMZ	["+963 987 335 545"]	["mmaksousa@rmz.sy"]					0	f			01340ee640db4248d8409ce4e955fbc31f19008f7b4f1ac78d671f294bd2df81	new			2026-07-06 02:49:00+00	2026-07-15 10:56:40.074685+00	RMZ		مركز الاختبارات و الابحاث		شريك ورئيس تنفيذي للإبداع Partner & CCO		مهند مقصوسة Muhanad Maksousa		1	سوريا
2057	258	ناصر يوسف Nasser Youssef	مدير وشريك مؤسس Director & Co-Founder	تحالف المشاريع السورية SYRIAN VENTURES ALLIANCE	["+44 7776 195295"]	["nyoussef@syrianventuresalliance.org"]	https://syrianventuresalliance.org		المقاولات والإنشاءات وأعمال البنية التحتية		0	f			0ea744a349fef94daf2a4676f609152367e92afa37afb33f0329b276fcd2dae0	new			2026-07-06 02:22:00+00	2026-07-15 10:56:40.076182+00	تحالف المشاريع السورية SYRIAN VENTURES ALLIANCE		غير ذلك	رأس مال جريء	مدير وشريك مؤسس Director & Co-Founder		ناصر يوسف Nasser Youssef		1	بريطانيا
2058	257	م. عمر دركزنلي\nEng. Omar Darkazanli	المدير التنفيذي\nDirector	شركة المقاولون الغربيون للمقاولات\nWestern Contractors Contracting L.L.C.	["+966 54 522 4466", "+966 9844 41112", "+966 098441113", "+963 984 441 113"]	["omar@westconserv.com"]	https://www.westconllc.com	Al-Khobar, Saudi Arabia	مقاولون عامون، مقاولو أعمال الميكانيكا والكهرباء والسباكة والتكييف، الإنشاءات الصناعية، المباني الجاهزة، متخصصون في تصنيع الهياكل الفولاذية واللحام، مقاولو تصميم وبناء		0	f			b59a3e6a3d43077ad95470122ba9c6d55c9470b78a334fe8ac15f9e394361180	new			2026-07-06 01:59:00+00	2026-07-15 10:56:40.077797+00	شركة المقاولون الغربيون للمقاولات	Western Contractors Contracting L.L.C.	المؤسسة العامة للصناعات الهندسية		المدير التنفيذي	Director	م. عمر دركزنلي	Eng. Omar Darkazanli	1	السعودية
2060	255	أسامة آغي\nUsama Aghi	المدير العام\nGeneral Manager	نينار برس\nNINAR PRESS	["+963 994 693 061", "+963 981 434 620", "+90 543 430 55 31"]	["aghiosama55@gmail.com", "ceo@ninarpress.net"]	https://www.ninarpress.net		صحيفة أسبوعية تعنى بشؤون الفكر والسياسة والثقافة / تصدر بموجب قرار وزارة الإعلام رقم 420		0	f			363ad8f408562b0cd0aaa60514523d1f3a3199c8f8444c9a36e2b3c6a6727f13	new			2026-07-06 01:47:00+00	2026-07-15 10:56:40.080902+00	نينار برس	NINAR PRESS	مركز الاختبارات و الابحاث		المدير العام	General Manager	أسامة آغي	Usama Aghi	1	سوريا
2260	201	يانوش ليبوفسكي\njanosh lipowsky	سكرتير أول First Secretary	الممثلية الدبلوماسية الألمانية في دمشق	["4915154076601"]	["pol-l@dama.diplo.de"]		غير محدد - غير محدد	نشاط غير محدد		0	f			5b225ea7e848726f31a73520aa9d278d1dcab192d03c6da8a87af6c1524356d6	new			2026-07-05 06:41:00+00	2026-07-15 10:56:40.396898+00	الممثلية الدبلوماسية الألمانية في دمشق		غير ذلك		سكرتير أول First Secretary		يانوش ليبوفسكي	janosh lipowsky	1	ألمانيا
2261	202	منتصر قلعه جي\nMuntaser kaalahji	الرئيس التنفيذي للعمليات Chief Operating Officer	شرفة القابضة	["+966 50 527 6117"]	["muntaser@shurfah.com.sa"]		غير محدد - غير محدد	نشاط غير محدد		0	f			68deab524838845b17d254b8dcc841be81b470f839f5d944a6cffac668c071da	new			2026-07-05 06:41:00+00	2026-07-15 10:56:40.398247+00	شرفة القابضة		غير ذلك		الرئيس التنفيذي للعمليات Chief Operating Officer		منتصر قلعه جي	Muntaser kaalahji	1	السعودية
2262	203	م.هاني قطاع\nHany kattaa	مدير المنطقة الشمالية mdyr almntqa alshmalya	مجموعة نوير الهندسية التجارية	["963945103371"]	["h.kattaa@solver-me.com"]		سوريا - حلب	المؤسسة العامة للصناعات الهندسية		0	f			82c40737938de96eb4a3d0ee421c027f9dbd3383e1c976075fd996fabbffc0f2	new			2026-07-05 06:41:00+00	2026-07-15 10:56:40.39974+00	مجموعة نوير الهندسية التجارية		المؤسسة العامة للصناعات الهندسية		مدير المنطقة الشمالية mdyr almntqa alshmalya		م.هاني قطاع	Hany kattaa	1	سوريا
2263	204	محمد الفاتح\nMOHAMAD al fatEH	المدير العام General Manager	جم اسسوكياتيس JM ASSOCIATES	["+966 50 649 8101"]	["bouasad1@windowslive.com"]		السعودية - الرياض	دراسة -تطوير -دراسات هندسية -تمويل -إدارة مشاريع-متابعة		0	f			a06f906c58f759ed57efc007a154cec9680bd1e84b1f33dd2e2bb27f652fd28b	new			2026-07-05 06:41:00+00	2026-07-15 10:56:40.401221+00	جم اسسوكياتيس JM ASSOCIATES		المؤسسة العامة للصناعات الهندسية		المدير العام General Manager		محمد الفاتح	MOHAMAD al fatEH	1	السعودية
2264	205	م.فتحي الجغبير\nEng.fathi Aljaghbier	رئيس المجلس ryys almjls	غرفة صناعة عمان	["96264643001"]	["fathiaghbier@yahoo.co.uk"]	https://www.aci.jo	الأردن - عمان	نشاط غير محدد		0	f			cd1782feeb46c43ad812c556127293302dfb1d9005bc658ab3b1ddf95c548adb	new			2026-07-05 06:41:00+00	2026-07-15 10:56:40.402899+00	غرفة صناعة عمان		غير ذلك		رئيس المجلس ryys almjls		م.فتحي الجغبير	Eng.fathi Aljaghbier	1	الأردن
2265	206	د.اياد محمد أبو حلتم\nDr.iyadm.abu haltam	عضو مجلس إدارة Board Member	غرفة صناعة عمان	["962795526265"]	["iyadabuhaltam@genraldeluxe.com"]		عمان - غير محدد	نشاط غير محدد		0	f			cd7e7fb0d5df3231007551502ca6ff4709335c1d84ee8b885455350125526ca3	new			2026-07-05 06:41:00+00	2026-07-15 10:56:40.404259+00	غرفة صناعة عمان		غير ذلك		عضو مجلس إدارة Board Member		د.اياد محمد أبو حلتم	Dr.iyadm.abu haltam	1	عمان
2266	207	م.محمود المغربي\nEng.Mahmoud Al-Maghrabi	المدير العام General Manager	سكلكو	["+966 11 454 5750"]	["gm@scl.co.com"]		السعودية - الرياض	نشاط غير محدد		0	f			89cfffddfb95b2ced9b170d5263987246394b0fa948d904662d06353b4a56832	new			2026-07-05 06:41:00+00	2026-07-15 10:56:40.405619+00	سكلكو		غير ذلك		المدير العام General Manager		م.محمود المغربي	Eng.Mahmoud Al-Maghrabi	1	السعودية
2267	208	آكوب مرشو\nAgob Marsho	محلل عمليات منطقة دول الخليج mhll amlyat mntqa dwl alkhlyj	مؤسسة التمويل الدولية (مجموعة البنك الدولي)	["12027903857"]	["amarsho@ifc.org"]	https://www.ifc.com	الإمارات - دبي	نشاط غير محدد		0	f			013ec2e4919a275e84f53d61876e4ee505a30ce6315c0499ffb473717dc0202f	new			2026-07-05 06:41:00+00	2026-07-15 10:56:40.406976+00	مؤسسة التمويل الدولية (مجموعة البنك الدولي)		غير ذلك		محلل عمليات منطقة دول الخليج mhll amlyat mntqa dwl alkhlyj		آكوب مرشو	Agob Marsho	1	الإمارات
2268	209	ريما العمري\nrima alomari	غير محدد Not specified	العمري للطباعة والتغليف	["963112212656"]	["rimaalomaari702@gmail.com"]		سوريا - دمشق	نشاط غير محدد		0	f			cbef9423280d0e20e0d588d7b022072d5bfc0fb4f064e4d6c4885edb8c6d40a5	new			2026-07-05 06:41:00+00	2026-07-15 10:56:40.408496+00	العمري للطباعة والتغليف		غير ذلك		غير محدد Not specified		ريما العمري	rima alomari	1	سوريا
2269	210	حوراء عجوز\nhawraa Ajouz	منسق مشروع وطني mnsq mshrwa wtny	منظمة العمل الدولية	["963955695943"]	["ajouz@ilo.org"]	https://ilo.org/syrian-republic	سوريا - دمشق	نشاط غير محدد		0	f			8b36ad79442d1890a2168655d18ecf5add83f22c7c74e0062793db00ee000806	new			2026-07-05 06:41:00+00	2026-07-15 10:56:40.40981+00	منظمة العمل الدولية		غير ذلك		منسق مشروع وطني mnsq mshrwa wtny		حوراء عجوز	hawraa Ajouz	1	سوريا
2270	211	طارق أبو قاعود\ntareq AbuQaoud	مدير البرنامج mdyr albrnamj	منظمة العمل الدولية	["96265925778"]	["abuqaud@ilo.org"]		الأردن - عمان	نشاط غير محدد		0	f			8e37c0082d20e0d16cb5f82fce7d4325007f948b4849029ab86697aa33d71fde	new			2026-07-05 06:41:00+00	2026-07-15 10:56:40.411184+00	منظمة العمل الدولية		غير ذلك		مدير البرنامج mdyr albrnamj		طارق أبو قاعود	tareq AbuQaoud	1	الأردن
2271	212	صالح الريحاني\nsaleh al rehany	غير محدد Not specified	فرد / مستقل Individual / Independent	["+966 9673 66016"]	[]		سوريا - دمشق /القدم	تصنيع قطع غيار للمطابع		0	f			b34692f8357db40509f15ec5a6693cea8355639be8ff54dc2bcd0c8e9605fb5d	new			2026-07-05 06:41:00+00	2026-07-15 10:56:40.412574+00	فرد / مستقل Individual / Independent		غير ذلك		غير محدد Not specified		صالح الريحاني	saleh al rehany	1	سوريا
2273	214	علي الدباس\nAli dabbas	المدير الإقليمي almdyr aliqlymy	شركة إسمنت المنطقة الشمالية	["96265662947"]	["ali.dabbas@njcco.net"]	https://www.nrc.com	الأردن - عمان	المؤسسة العامة للصناعات الكيميائية		0	f			e491a8477b35075cda8c8c2fb765ce80a96f018c36f188d8ce1d5b8ef1ff9a24	new			2026-07-05 06:41:00+00	2026-07-15 10:56:40.415736+00	شركة إسمنت المنطقة الشمالية		المؤسسة العامة للصناعات الكيميائية		المدير الإقليمي almdyr aliqlymy		علي الدباس	Ali dabbas	1	الأردن
2274	215	أحمد إسماعيل صالح\nAHMAD I.SALEH	غير محدد Not specified	مجموعة ماس القابضة	["92791616169"]	["ahmad.ismail@massgrouphoiding.com"]	https://www.massgrouphoIding.com	الأردن - عمان	نشاط غير محدد		0	f			4f599e89d614ce58b2d4ae29c8243e999591d7e1aded80471959a38a7a6003e6	new			2026-07-05 06:41:00+00	2026-07-15 10:56:40.417271+00	مجموعة ماس القابضة		غير ذلك		غير محدد Not specified		أحمد إسماعيل صالح	AHMAD I.SALEH	1	الأردن
2275	216	المهندس عامر البسيط\neng.Amer al bassit	رئيس مجلس الإدارة Chairman	الجمعيةالعلمية السورية للجودة	["+966 9924 42986"]	["a.albassit@sssquality.org"]	https://www.sssquality.com	سوريا - دمشق شارع29أيار	مركز الاختبارات و الابحاث		0	f			28ed0200f79dbe71651eed1a118ca3729ec07ede4007735eacf5e4384c210113	new			2026-07-05 06:41:00+00	2026-07-15 10:56:40.418663+00	الجمعيةالعلمية السورية للجودة		مركز الاختبارات و الابحاث		رئيس مجلس الإدارة Chairman		المهندس عامر البسيط	eng.Amer al bassit	1	سوريا
2276	217	محمد توفيق المشوح\nmohamad tawfik mchweh	غير محدد Not specified	نور المعرفة للاستشارات	["+966 9947 72613"]	["tuofeeq4@hotmail.com"]	https://www.edu-lightnet	سوريا - دمشق	تعليم - قبولات جامعية في ألمانيا-روسيا-ماليزيا		0	f			cb3609058a946944a7d3c9a3c3e360cf121615969eab377af8d5ae1c023e1cfe	new			2026-07-05 06:41:00+00	2026-07-15 10:56:40.420116+00	نور المعرفة للاستشارات		مديرية الاشراف على التاهيل الفني		غير محدد Not specified		محمد توفيق المشوح	mohamad tawfik mchweh	1	سوريا
2277	218	م.عدنان النفوري\nAdnan alnafouri	الرئيس التنفيذي CEO	شركة م.عدنان النفوري وشركاه	["963944646054"]	["info@adnanalnafuri.com"]	https://www.adnanalnafuri.com	غير محدد - غير محدد	نشاط غير محدد		0	f			47a152e0e75a376de50b94cc8e10039310f949be91fb06bb9c05c45c2770b065	new			2026-07-05 06:41:00+00	2026-07-15 10:56:40.421558+00	شركة م.عدنان النفوري وشركاه		غير ذلك		الرئيس التنفيذي CEO		م.عدنان النفوري	Adnan alnafouri	1	سوريا
2278	219	خوزيه مانويل مدينا شيكا\nJose Manuel Medina Checa	كبير أخصائيي أنشطة أصحاب العمل kbyr akhsayyy anshta ashab alaml	المكتب الإقليمي للدول العربية	["96170291518"]	["medinacheca@ilo.org"]	https://www.ilo.org	لبنان - بيروت	نشاط غير محدد		0	f			57fa079e362db0aeeaf067f31e02f28f239c3cf6c96a67f7659af7fa28ace362	new			2026-07-05 06:41:00+00	2026-07-15 10:56:40.423129+00	المكتب الإقليمي للدول العربية		غير ذلك		كبير أخصائيي أنشطة أصحاب العمل kbyr akhsayyy anshta ashab alaml		خوزيه مانويل مدينا شيكا	Jose Manuel Medina Checa	1	لبنان
2279	220	ناجي أبو شبكة\nNaji Abou Chabke	الرئيس التنفيذي CEO	مكتب فيريتاس Bureau Veritas	["+966 9611500877"]	["naji.abouchabke@bureauveritas.com"]	https://www.bureauveritas.com	لبنان - سن الفيل	تعليم - شركة فرنسية عالمية رائدة في مجال خدمات الاختبار والتفتيش والشهادات		0	f			b75ec066613c7e9e05ab18e0de36954e0c226c67a1b7c30a2d8f23a078160fb9	new			2026-07-05 06:41:00+00	2026-07-15 10:56:40.424613+00	مكتب فيريتاس Bureau Veritas		مديرية الاشراف على التاهيل الفني		الرئيس التنفيذي CEO		ناجي أبو شبكة	Naji Abou Chabke	1	لبنان
2280	221	أنور سايجنير\nOnur Saygıner	غير محدد Not specified	ميكتايلز تركيا MECTILES TURKEY	["905559697103"]	["onursayginer@mectilesturkey.com"]	https://www.mectilesturkey.com	تركيا - ازمير	كيميائية - صناعة بلاط سيراميك		0	f			f4d9086e80979f2bea6b0b1e9263808ad1cd24cf3bffe8d904210fb1c32fc4ad	new			2026-07-05 06:41:00+00	2026-07-15 10:56:40.42605+00	ميكتايلز تركيا MECTILES TURKEY		المؤسسة العامة للصناعات الكيميائية		غير محدد Not specified		أنور سايجنير	Onur Saygıner	1	تركيا
2281	222	أ. رافاد رمضان أوغلو\nA. Ravad Ramazanoğlu	الرئيس التنفيذي CEO	إسراء القابضة ISRA HOLDING	["902124383798"]	["r.ramazanoglu@israholding.com.tr"]	https://www.israholding.com.tr	تركيا - اسطنبول	نشاط غير محدد		0	f			a6149bbe324fddbf5e8620a41380200d4ef95fe1c2ee4a85cd6aac88bcd47a9a	new			2026-07-05 06:41:00+00	2026-07-15 10:56:40.427481+00	إسراء القابضة ISRA HOLDING		غير ذلك		الرئيس التنفيذي CEO		أ. رافاد رمضان أوغلو	A. Ravad Ramazanoğlu	1	تركيا
2282	223	إبراهيم بوركاي\nIbrahim Burkay	غير محدد Not specified	بوركاي كروب BURKAY GROUP	["902243841255"]	["ibrahim.burkay@burkay.com.tr"]	https://www.burkay.com.tr	تركيا - بورصة	نسيج - غزل ونسيج		0	f			e6078c2a3877115f403e262b45eb9b8e58b84bd10eed64d4340e03076df2303e	new			2026-07-05 06:41:00+00	2026-07-15 10:56:40.428968+00	بوركاي كروب BURKAY GROUP		المؤسسة العامة للصناعات النسيجية		غير محدد Not specified		إبراهيم بوركاي	Ibrahim Burkay	1	تركيا
2283	224	معروف ديندر\nMaruf Dindar	شريك إداري shryk idary	شركة استشارات مالية SCP Finansal Danışmanlık	["905324720988"]	["maruf@scpartners.com.tr"]		تركيا - اسطنبول	استشارات - شركة استشارية		0	f			c4c87a7af472a5fbfdb0eaeffd2026b7605522ef9828d4a2b00113283b679c1d	new			2026-07-05 06:41:00+00	2026-07-15 10:56:40.430423+00	شركة استشارات مالية SCP Finansal Danışmanlık		غير ذلك		شريك إداري shryk idary		معروف ديندر	Maruf Dindar	1	تركيا
2285	225	مجد الدين إحسان سنقر\nMajid Ihsan Sankar	مدير عام General Manager	مجموعة سنقر	["905418556708"]	["majid@sankargrp.com"]	https://www.sankargrp.com	تركيا - غير محدد	نشاط غير محدد		0	f			6687517f6919bc595493f921fa7c3eb56733cf23d2eefa7336891ecef469be7a	new			2026-07-05 06:41:00+00	2026-07-15 10:56:40.435493+00	مجموعة سنقر		غير ذلك		مدير عام General Manager		مجد الدين إحسان سنقر	Majid Ihsan Sankar	1	تركيا
2286	226	سمير أبو جديد\nSamir Abo Jadid	مدير قطاع Sector Manager	بحرة الكتريك	["+966 56 056 8188"]	[]	https://samir.abojadid@bahra-cables.com	غير محدد - غير محدد	نشاط غير محدد		0	f			0ffe5c3e6f9d85d17ede44b75881bd9cbb8489ddfcf8e621b84bca417d321c1a	new			2026-07-05 06:41:00+00	2026-07-15 10:56:40.436866+00	بحرة الكتريك		غير ذلك		مدير قطاع Sector Manager		سمير أبو جديد	Samir Abo Jadid	1	السعودية
2288	228	د.محمد زيدي\nDr.Mohammad Zaidiie	رئيس الجالية Community President	الجالية السورية في أوكرانيا	["380938135550"]	["syriakiev@gmail.com"]		أوكرانيا - كييف	نشاط غير محدد		0	f			818a9a46954abc3f09efffa80ea2dae4f5b91cd7fe76dc222830aa2159d01074	new			2026-07-05 06:41:00+00	2026-07-15 10:56:40.439694+00	الجالية السورية في أوكرانيا		غير ذلك		رئيس الجالية Community President		د.محمد زيدي	Dr.Mohammad Zaidiie	1	أوكرانيا
2289	229	محمد نبيل القصير\nMohammad Nabil Al Qasir	مدير عام General Manager	مختبرات ميديكو للأدوية	["+966 9332 16440"]	["medico.1959@gmail.com"]	https://www.medico.sy	سورية - حمص	المؤسسة العامة للصناعات الكيميائية		0	f			3a7b8c329b384da2e60373e7c2127a78e75a10581809d8de06b08306731e4436	new			2026-07-05 06:41:00+00	2026-07-15 10:56:40.441095+00	مختبرات ميديكو للأدوية		المؤسسة العامة للصناعات الكيميائية		مدير عام General Manager		محمد نبيل القصير	Mohammad Nabil Al Qasir	1	سوريا
2290	230	جابر ملندي\nJaber Malandi	مدير عام General Manager	سينابالك القابضة	["971528465083"]	[]	https://www.Syncbulkhandling.com	الإمارات - غير محدد	نشاط غير محدد		0	f			fc70ad7df00031a3e717582663783e5e258afa6cb982499c277f44e6b5d15185	new			2026-07-05 06:41:00+00	2026-07-15 10:56:40.442429+00	سينابالك القابضة		غير ذلك		مدير عام General Manager		جابر ملندي	Jaber Malandi	1	الإمارات
2291	231	غياث شماع\nGhiath Shamma'a	الرئيس التنفيذي CEO\nGeneral Manager	مجموعة دلتا للمعارض والمؤتمرات\nDelta Group for Exhibitions and Conferences	["963113329290", "+963 944 263 322", "+961 76 445 532"]	["gh.shammaa@hotmail.com", "foodexposyrian@gmail.com"]		غير محدد - غير محدد	دراسات واستشارات اقتصادية وتسويقية _ ادارة مشاريع _خدمات تبادل تجاري		0	f			5896038057322254373b5a9ff8b29d34a5d5a39a052ba93a152c2997add3626a	new			2026-07-05 06:41:00+00	2026-07-15 10:56:40.445136+00	مجموعة دلتا للمعارض والمؤتمرات	Delta Group for Exhibitions and Conferences	غير ذلك		الرئيس التنفيذي CEO	General Manager	غياث شماع	Ghiath Shamma'a	1	سوريا
2292	232	جان كريستوف كاري\nJean-Christophe Carret	مدير دائرة الشرق الاوسط Middle East Department Manager	البنك الدولي	["+966 9611963311"]	["jcarret@worldbank.org"]	https://www.worldbank.org	لبنان - بيروت	نشاط غير محدد		0	f			1425ab3b072a86e1a17d3be2034201da72c5b63ca8bdb6c59953873110f431b4	new			2026-07-05 06:41:00+00	2026-07-15 10:56:40.446793+00	البنك الدولي		غير ذلك		مدير دائرة الشرق الاوسط Middle East Department Manager		جان كريستوف كاري	Jean-Christophe Carret	1	لبنان
2293	233	مصطفى الرقاوي\nMostafa Elrakhawy	غير محدد Not specified	فرد / مستقل Individual / Independent	["201223124254"]	["mostafa.rakhawy@a3cement.com"]		الإمارات - الشارقة	نشاط غير محدد		0	f			06d887968ff0b6e54bbc8228f00424d34249c13b5e4303d202ba610fc6f52331	new			2026-07-05 06:41:00+00	2026-07-15 10:56:40.448424+00	فرد / مستقل Individual / Independent		غير ذلك		غير محدد Not specified		مصطفى الرقاوي	Mostafa Elrakhawy	1	الإمارات
2294	234	عزام طعمة\nAzzam Tomeh	محلل السياسي لملف سوريا Political Analyst for Syria File	سفارة جمهورية المانية الاتحادية بيروت	["96171786980"]	["azzam.tomeh@opendiplo.de"]	https://www.beirut.diplo.de	لبنان - بيروت	نشاط غير محدد		0	f			560af0edb094d4d248d44c9f279f70fc271217db8fd60e48446cdefc1b982b90	new			2026-07-05 06:41:00+00	2026-07-15 10:56:40.449927+00	سفارة جمهورية المانية الاتحادية بيروت		غير ذلك		محلل السياسي لملف سوريا Political Analyst for Syria File		عزام طعمة	Azzam Tomeh	1	لبنان
2295	235	فيصل رشيد العمر\nFaisal rashed alomar	غير محدد Not specified	فيصل كروب	["905379442646"]	[]	https://www.faisal.com.tr	تركيا - غازي عينتاب	نشاط غير محدد		0	f			ca4156fe22f02c22fc1661e5686b0d65a3bbd620e200cc5b0badb5c571c88656	new			2026-07-05 06:41:00+00	2026-07-15 10:56:40.451343+00	فيصل كروب		غير ذلك		غير محدد Not specified		فيصل رشيد العمر	Faisal rashed alomar	1	تركيا
2297	237	اياد بهناسي\nAYAD BAHNASSI	غير محدد Not specified	جمعية الصداقة السورية الامريكية	["+966 9331 00101"]	["safa2024@aol.com"]		أمريكا - لوس انجلوس / كالفورنيا	نشاط غير محدد		0	f			f00be9db9e0bbd7fa4d28e1c69bae4b8e2d5408ab88eb18b06566dc928713659	new			2026-07-05 06:41:00+00	2026-07-15 10:56:40.454065+00	جمعية الصداقة السورية الامريكية		غير ذلك		غير محدد Not specified		اياد بهناسي	AYAD BAHNASSI	1	الولايات المتحدة
2298	238	طلحة طه\nTalha Taha	مدير مبيعات Manager Sales	سيديل Sidel	["97144291800"]	["talha.taha@sidel.com"]	https://www.sidel.com	دبي - دبي	تعبئة وتغليف ونفخ		0	f			7a459cee2e07763d9839686ff069ce1487cd37fbb841e15209ae899bc071ff0d	new			2026-07-05 06:41:00+00	2026-07-15 10:56:40.455535+00	سيديل Sidel		غير ذلك		مدير مبيعات Manager Sales		طلحة طه	Talha Taha	1	الإمارات
2299	239	فيصل بن ثاني بن فيصل آل ثاني\nFaisal Thani Al-Thani	وزير التجارة والصناعة Minister of Commerce and Industry	وزارة التجارة والصناعة القطرية Qatar Ministry of Commerce and Industry	["97440422000"]	["ftalthani@moci.gov.qa"]		قطر - قطر	نشاط غير محدد		0	f			23dc4c942be3d0d29b05900df3bffa2382be58c83c25ac29a9dbcc560156515f	new			2026-07-05 06:41:00+00	2026-07-15 10:56:40.456885+00	وزارة التجارة والصناعة القطرية Qatar Ministry of Commerce and Industry		غير ذلك		وزير التجارة والصناعة Minister of Commerce and Industry		فيصل بن ثاني بن فيصل آل ثاني	Faisal Thani Al-Thani	1	قطر
2300	240	خليل محمد حاج توفيق\nKhalil Mohmad Elhaj Tawfiq	عضو مجلس الأعيان الأردني Member of the Jordanian Senate	مجلس الأعيان الأردني Jordanian Senate	["962795601000"]	["chairman.offce@acc.org.jo"]		الأردن - عمان	نشاط غير محدد		0	f			bc75712995a0f5d68fa90e3bd93a89eed271c4c346231d197562718af968dc72	new			2026-07-05 06:41:00+00	2026-07-15 10:56:40.458242+00	مجلس الأعيان الأردني Jordanian Senate		غير ذلك		عضو مجلس الأعيان الأردني Member of the Jordanian Senate		خليل محمد حاج توفيق	Khalil Mohmad Elhaj Tawfiq	1	الأردن
2301	241	كريستيان ماركي\nCristian Marchi	قسم المبيعات Sales Department	ميكتيليس إيطاليا MECTILES ITALIA	["393355944983"]	["c.marchi@mectilesitalia.it"]	https://www.mectilesitalia.it	إيطاليا - كاسالجراند	آلات وأنظمة جديدة ومستعملة لبلاط وألواح السيراميك		0	f			2fc178b214cd39ec50fcd138bd294cbdd39f243f3c2e8169020ee275f2856610	new			2026-07-05 06:41:00+00	2026-07-15 10:56:40.459642+00	ميكتيليس إيطاليا MECTILES ITALIA		المؤسسة العامة للصناعات الكيميائية		قسم المبيعات Sales Department		كريستيان ماركي	Cristian Marchi	1	إيطاليا
2302	242	ستيفانو كومباني\nStefano Compagni	المدير العام General Manager	ميكتيليس إيطاليا MECTILES ITALIA	["393428594803"]	["s.compangni@mectilesitalia.it"]	https://www.mectilesitalia.com	إيطاليا - كاسالجراند	آلات وأنظمة جديدة ومستعملة لبلاط وألواح السيراميك		0	f			10a7fc49e3e13fa89913a5219adc2850d45e76533bd26c6a717d633e809e8679	new			2026-07-05 06:41:00+00	2026-07-15 10:56:40.46098+00	ميكتيليس إيطاليا MECTILES ITALIA		المؤسسة العامة للصناعات الكيميائية		المدير العام General Manager		ستيفانو كومباني	Stefano Compagni	1	إيطاليا
2303	243	نبيل الخطيب\nNabil Alkhatib	النائب الأول للرئيس First Vice President	غرفة تجارة عمان	["962796666692"]	["nabilkhatib@acc.org.jo"]	https://www.ammanchamber.org.jo	الأردن - عمان	غرف تجارة		0	f			5d354a94b3e030dea5d693ce5128df1349d833248c5182c54c6ddb46f9012f7d	new			2026-07-05 06:41:00+00	2026-07-15 10:56:40.462401+00	غرفة تجارة عمان		غير ذلك		النائب الأول للرئيس First Vice President		نبيل الخطيب	Nabil Alkhatib	1	الأردن
2304	244	سلطان علان\nSultan Allan	عضو مجلس إدارة ممثل قطاع الألبسة والنوفوتيه والمجوهرات Board Member representing Apparel, Novelties and Jewelry Sector	غرفة تجارة الأردن	["962795042797"]	["s.allan@jocc.org.jo"]	https://www.jocc.org.jo	الأردن - عمان	غرف تجارة		0	f			36d3ecd5e1fb03d7b8ba6bdacbba4a984879ba0e46546eae332bc86fba854e47	new			2026-07-05 06:41:00+00	2026-07-15 10:56:40.463908+00	غرفة تجارة الأردن		غير ذلك		عضو مجلس إدارة ممثل قطاع الألبسة والنوفوتيه والمجوهرات Board Member representing Apparel, Novelties and Jewelry Sector		سلطان علان	Sultan Allan	1	الأردن
2305	245	خطاب البنا\nKhattab Al-Banna	عضو مجلس الإدارة Board Member	غرفة تجارة الأردن	["962797045555"]	["khaatabbanna@gmail.com"]	https://www.jocc.org.jo	الأردن - عمان	غرف تجارة		0	f			c1ed8d54a81ce104320a57e4a13710c222e7e64fdac214a8aeaf7e952dcc6c48	new			2026-07-05 06:41:00+00	2026-07-15 10:56:40.465258+00	غرفة تجارة الأردن		غير ذلك		عضو مجلس الإدارة Board Member		خطاب البنا	Khattab Al-Banna	1	الأردن
2306	246	م. لؤي صوان\nEng. Louay Sawan	دير التخطيط والتنسيق Planning and Coordination Manager	إسمنت البادية	["963997777130"]	["louay.sawan@albadiacement.com"]		الجمهورية العربية السورية - ريف دمشق	إسمنت		0	f			9b45979ad82d3eb1f3730a3896f844c048fefd534df96a95f14e388b049d801a	new			2026-07-05 06:41:00+00	2026-07-15 10:56:40.466606+00	إسمنت البادية		المؤسسة العامة للصناعات الكيميائية		دير التخطيط والتنسيق Planning and Coordination Manager		م. لؤي صوان	Eng. Louay Sawan	1	سوريا
2307	247	د. محمد مسلم الدروبي\nDr. Mhb Mossallam Aldroubi	القنصل الفخري Honorary Consul	القنصلية الفخرية لجمهورية سيريلانكا الديمقراطية الاشتراكية	["963112258181"]	["mmd@aldroubi.com"]		الجمهورية العربية السورية - دمشق	نشاط غير محدد		0	f			6fb4381774113463ade22ce591e4bffbc99944df208904d4fe772707d7b60c8c	new			2026-07-05 06:41:00+00	2026-07-15 10:56:40.468189+00	القنصلية الفخرية لجمهورية سيريلانكا الديمقراطية الاشتراكية		غير ذلك		القنصل الفخري Honorary Consul		د. محمد مسلم الدروبي	Dr. Mhb Mossallam Aldroubi	1	سوريا
2308	248	د. حسن الفارس\nDr. Hasan Al Fares	رئيس جامعة آرام للعلوم President of Aram University for Sciences	جامعة آرام للعلوم	["352681514882"]	["hasan.fares1961@gmail.com"]		الجمهورية العربية السورية - حلب	تعليم		0	f			febc4b47206baac21c24bdf5678a87f3f9d748d53b94de36073e04bf6383c347	new			2026-07-05 06:41:00+00	2026-07-15 10:56:40.469557+00	جامعة آرام للعلوم		مديرية الاشراف على التاهيل الفني		رئيس جامعة آرام للعلوم President of Aram University for Sciences		د. حسن الفارس	Dr. Hasan Al Fares	1	سوريا
2309	249	د. أمجد المهايني\nDr. Amjad Mahaini	المدير العام للتخطيط الاستراتيجي ومكتب إدارة المشاريع General Manager of Strategic Planning and PMO	مجموعة كابلات الرياض	["+966 11 260 7800"]	["amjad@riyadh-cables.com"]	https://www.riyadh-cables.com	المملكة العربية السعودية - الرياض	هندسية		0	f			53b67d83889e12c1beed4786fa8e4ea268ca6099cd662c7bcb323ff01cfa135c	new			2026-07-05 06:41:00+00	2026-07-15 10:56:40.470906+00	مجموعة كابلات الرياض		المؤسسة العامة للصناعات الهندسية		المدير العام للتخطيط الاستراتيجي ومكتب إدارة المشاريع General Manager of Strategic Planning and PMO		د. أمجد المهايني	Dr. Amjad Mahaini	1	السعودية
2310	250	م. نيهير يرديمتش\nEng. Nehir Yardimci	عضو منتدب Managing Director	شركة إنتاج للتعدين	["+966 11 403 1888"]	["nehir.yardimci@entajmining.com"]	https://www.entajmining.com	المملكة العربية السعودية - الرياض	معادن		0	f			f1d2352eec5377e1288bb609b62bee0018a51122e47b4796fa6188ab41443731	new			2026-07-05 06:41:00+00	2026-07-15 10:56:40.47247+00	شركة إنتاج للتعدين		هيئة ادارة المعادن النبيلة وهيئة المواصفات و المقاييس		عضو منتدب Managing Director		م. نيهير يرديمتش	Eng. Nehir Yardimci	1	السعودية
2311	251	أحمد زهرة\nAhmed Zahra	مشرف مبيعات قسم التحكم الصناعي Industrial Control Sales Supervisor	شركة سكر للصناعات الألكترونية م. م.	["963115434200"]	["ahmad.zahra@soccar.com"]	https://www.soccar.com	الجمهورية العربية السورية - ريف دمشق (ببيلا)	المؤسسة العامة للصناعات الهندسية		0	f			c356dfd71c31dadc85c69d1d2ff3a645a5ae6c0fc339ec233795f44eaf15fd63	new			2026-07-05 06:41:00+00	2026-07-15 10:56:40.473836+00	شركة سكر للصناعات الألكترونية م. م.		المؤسسة العامة للصناعات الهندسية		مشرف مبيعات قسم التحكم الصناعي Industrial Control Sales Supervisor		أحمد زهرة	Ahmed Zahra	1	سوريا
2312	252	بشار الخطيب\nBashar Alkhateb	مدير تطوير الأعمال والشؤون القانونية Business Development and Legal Affairs Manager	شركة أساسيات الوطنية المحدودة	["+966 13 887 4939"]	["bashar@nbccompany.com"]	https://www.nbccompany.com	المملكة العربية السعودية - الظهران	خدمات خطوط الأنابيب المتقاطعة / محسن الخزانات /كابل الألياف الضوئية		0	f			c3427bc9e7d0c7762a09e6d69c017dd6163ecffc1af18e306843c95ed5880557	new			2026-07-05 06:41:00+00	2026-07-15 10:56:40.475275+00	شركة أساسيات الوطنية المحدودة		المؤسسة العامة للصناعات الهندسية		مدير تطوير الأعمال والشؤون القانونية Business Development and Legal Affairs Manager		بشار الخطيب	Bashar Alkhateb	1	السعودية
2313	253	بلال جرايحي\nBilal Jarayhi	مدير عام - مبيعات General Manager - Sales	الدوحة للكابلات	["97466841200"]	["m.bilal@dohacables.com"]	https://www.dohacables.com	قطر - الدوحة	هندسية		0	f			7850faa5274042451c3e7609e58718beb70bf5d4354c76b5555d9762208b4ed6	new			2026-07-05 06:41:00+00	2026-07-15 10:56:40.476693+00	الدوحة للكابلات		المؤسسة العامة للصناعات الهندسية		مدير عام - مبيعات General Manager - Sales		بلال جرايحي	Bilal Jarayhi	1	قطر
2314	254	ماهر عبد الواحد\nMaher Abdul Wahed	نائب الرئيس التنفيذي للمبيعات Executive Vice President of Sales	شركة مجموعة كابلات الرياض	["+966 55 843 8434"]	["maher@riyadh-cables.com"]		المملكة العربية السعودية - الرياض	المؤسسة العامة للصناعات الهندسية		0	f			809db293f5413b9291c8912f947e48dd659ad3bd346e76300e397edf75a0e797	new			2026-07-05 06:41:00+00	2026-07-15 10:56:40.478042+00	شركة مجموعة كابلات الرياض		المؤسسة العامة للصناعات الهندسية		نائب الرئيس التنفيذي للمبيعات Executive Vice President of Sales		ماهر عبد الواحد	Maher Abdul Wahed	1	السعودية
\.


--
-- Data for Name: django_admin_log; Type: TABLE DATA; Schema: public; Owner: business_cards
--

COPY public.django_admin_log (id, action_time, object_id, object_repr, action_flag, change_message, content_type_id, user_id) FROM stdin;
\.


--
-- Data for Name: django_content_type; Type: TABLE DATA; Schema: public; Owner: business_cards
--

COPY public.django_content_type (id, app_label, model) FROM stdin;
1	admin	logentry
2	auth	permission
3	auth	group
4	auth	user
5	contenttypes	contenttype
6	sessions	session
7	cards	businesscard
8	accounts	profile
\.


--
-- Data for Name: django_migrations; Type: TABLE DATA; Schema: public; Owner: business_cards
--

COPY public.django_migrations (id, app, name, applied) FROM stdin;
1	contenttypes	0001_initial	2026-07-02 13:00:58.072271+00
2	auth	0001_initial	2026-07-02 13:00:58.188926+00
3	admin	0001_initial	2026-07-02 13:00:58.218796+00
4	admin	0002_logentry_remove_auto_add	2026-07-02 13:00:58.22431+00
5	admin	0003_logentry_add_action_flag_choices	2026-07-02 13:00:58.229951+00
6	contenttypes	0002_remove_content_type_name	2026-07-02 13:00:58.242631+00
7	auth	0002_alter_permission_name_max_length	2026-07-02 13:00:58.248951+00
8	auth	0003_alter_user_email_max_length	2026-07-02 13:00:58.254553+00
9	auth	0004_alter_user_username_opts	2026-07-02 13:00:58.259509+00
10	auth	0005_alter_user_last_login_null	2026-07-02 13:00:58.26511+00
11	auth	0006_require_contenttypes_0002	2026-07-02 13:00:58.266934+00
12	auth	0007_alter_validators_add_error_messages	2026-07-02 13:00:58.271659+00
13	auth	0008_alter_user_username_max_length	2026-07-02 13:00:58.283815+00
14	auth	0009_alter_user_last_name_max_length	2026-07-02 13:00:58.290183+00
15	auth	0010_alter_group_name_max_length	2026-07-02 13:00:58.298307+00
16	auth	0011_update_proxy_permissions	2026-07-02 13:00:58.304767+00
17	auth	0012_alter_user_first_name_max_length	2026-07-02 13:00:58.310525+00
18	cards	0001_initial	2026-07-02 13:00:58.380279+00
19	cards	0002_bilingual_and_investment_fields	2026-07-02 13:00:58.451998+00
20	sessions	0001_initial	2026-07-02 13:00:58.471961+00
21	cards	0003_rename_cards_busin_company_6ae40c_idx_cards_busin_company_120b35_idx_and_more	2026-07-05 13:21:17.828947+00
22	cards	0004_businesscard_owner	2026-07-15 06:56:29.569623+00
23	cards	0005_duplicate_hash_per_owner	2026-07-15 06:56:29.618947+00
24	cards	0006_businesscard_country	2026-07-15 06:56:29.643389+00
25	cards	0007_backfill_country_and_owner	2026-07-15 06:56:29.737877+00
26	cards	0008_apply_exact_country_map	2026-07-15 06:56:29.758162+00
27	accounts	0001_initial	2026-07-15 09:06:57.211742+00
28	cards	0009_merge_duplicate_cards	2026-07-15 09:20:49.381608+00
\.


--
-- Data for Name: django_session; Type: TABLE DATA; Schema: public; Owner: business_cards
--

COPY public.django_session (session_key, session_data, expire_date) FROM stdin;
s12j1r5rwoied25uxqhqyl1g4va7wwnx	.eJxVjD0LwjAUAP9LZinJy4eJo9BRnJzDS_JCim0KTTuJ_90KHXS9O-7FPG5r8VujxQ-JXZhgp18WMD6pfgXGOG91bd2BWtdPOIz35bF3FSe6zYnG69H_TQq2sh8ggTQhWqVBkkwKpNA8RJctZCuUM_JsguKgtcFMzqTgYialNLckUTj2_gDjdjjz:1wjz2X:jJbkzHvs7FHCNxNrTHTfls1pFLRRDK2LyEflbry0Wco	2026-07-29 12:48:41.793359+00
g87kscv2w8pm40xcnfi4dz6opapskwx6	.eJxVjD0LwjAUAP9LZinJy4eJo9BRnJzDS_JCim0KTTuJ_90KHXS9O-7FPG5r8VujxQ-JXZhgp18WMD6pfgXGOG91bd2BWtdPOIz35bF3FSe6zYnG69H_TQq2sh8ggTQhWqVBkkwKpNA8RJctZCuUM_JsguKgtcFMzqTgYialNLckUTj2_gDjdjjz:1wkFih:IuY4IX-3uTRMOQpAPqsBw_IjIhrnZPUCM_hYwPNUVWc	2026-07-30 06:37:19.597068+00
\.


--
-- Name: accounts_profile_id_seq; Type: SEQUENCE SET; Schema: public; Owner: business_cards
--

SELECT pg_catalog.setval('public.accounts_profile_id_seq', 1, true);


--
-- Name: auth_group_id_seq; Type: SEQUENCE SET; Schema: public; Owner: business_cards
--

SELECT pg_catalog.setval('public.auth_group_id_seq', 1, false);


--
-- Name: auth_group_permissions_id_seq; Type: SEQUENCE SET; Schema: public; Owner: business_cards
--

SELECT pg_catalog.setval('public.auth_group_permissions_id_seq', 1, false);


--
-- Name: auth_permission_id_seq; Type: SEQUENCE SET; Schema: public; Owner: business_cards
--

SELECT pg_catalog.setval('public.auth_permission_id_seq', 32, true);


--
-- Name: auth_user_groups_id_seq; Type: SEQUENCE SET; Schema: public; Owner: business_cards
--

SELECT pg_catalog.setval('public.auth_user_groups_id_seq', 1, false);


--
-- Name: auth_user_id_seq; Type: SEQUENCE SET; Schema: public; Owner: business_cards
--

SELECT pg_catalog.setval('public.auth_user_id_seq', 2, true);


--
-- Name: auth_user_user_permissions_id_seq; Type: SEQUENCE SET; Schema: public; Owner: business_cards
--

SELECT pg_catalog.setval('public.auth_user_user_permissions_id_seq', 1, false);


--
-- Name: cards_businesscard_id_seq; Type: SEQUENCE SET; Schema: public; Owner: business_cards
--

SELECT pg_catalog.setval('public.cards_businesscard_id_seq', 2315, true);


--
-- Name: django_admin_log_id_seq; Type: SEQUENCE SET; Schema: public; Owner: business_cards
--

SELECT pg_catalog.setval('public.django_admin_log_id_seq', 1, false);


--
-- Name: django_content_type_id_seq; Type: SEQUENCE SET; Schema: public; Owner: business_cards
--

SELECT pg_catalog.setval('public.django_content_type_id_seq', 8, true);


--
-- Name: django_migrations_id_seq; Type: SEQUENCE SET; Schema: public; Owner: business_cards
--

SELECT pg_catalog.setval('public.django_migrations_id_seq', 28, true);


--
-- Name: accounts_profile accounts_profile_pkey; Type: CONSTRAINT; Schema: public; Owner: business_cards
--

ALTER TABLE ONLY public.accounts_profile
    ADD CONSTRAINT accounts_profile_pkey PRIMARY KEY (id);


--
-- Name: accounts_profile accounts_profile_user_id_key; Type: CONSTRAINT; Schema: public; Owner: business_cards
--

ALTER TABLE ONLY public.accounts_profile
    ADD CONSTRAINT accounts_profile_user_id_key UNIQUE (user_id);


--
-- Name: auth_group auth_group_name_key; Type: CONSTRAINT; Schema: public; Owner: business_cards
--

ALTER TABLE ONLY public.auth_group
    ADD CONSTRAINT auth_group_name_key UNIQUE (name);


--
-- Name: auth_group_permissions auth_group_permissions_group_id_permission_id_0cd325b0_uniq; Type: CONSTRAINT; Schema: public; Owner: business_cards
--

ALTER TABLE ONLY public.auth_group_permissions
    ADD CONSTRAINT auth_group_permissions_group_id_permission_id_0cd325b0_uniq UNIQUE (group_id, permission_id);


--
-- Name: auth_group_permissions auth_group_permissions_pkey; Type: CONSTRAINT; Schema: public; Owner: business_cards
--

ALTER TABLE ONLY public.auth_group_permissions
    ADD CONSTRAINT auth_group_permissions_pkey PRIMARY KEY (id);


--
-- Name: auth_group auth_group_pkey; Type: CONSTRAINT; Schema: public; Owner: business_cards
--

ALTER TABLE ONLY public.auth_group
    ADD CONSTRAINT auth_group_pkey PRIMARY KEY (id);


--
-- Name: auth_permission auth_permission_content_type_id_codename_01ab375a_uniq; Type: CONSTRAINT; Schema: public; Owner: business_cards
--

ALTER TABLE ONLY public.auth_permission
    ADD CONSTRAINT auth_permission_content_type_id_codename_01ab375a_uniq UNIQUE (content_type_id, codename);


--
-- Name: auth_permission auth_permission_pkey; Type: CONSTRAINT; Schema: public; Owner: business_cards
--

ALTER TABLE ONLY public.auth_permission
    ADD CONSTRAINT auth_permission_pkey PRIMARY KEY (id);


--
-- Name: auth_user_groups auth_user_groups_pkey; Type: CONSTRAINT; Schema: public; Owner: business_cards
--

ALTER TABLE ONLY public.auth_user_groups
    ADD CONSTRAINT auth_user_groups_pkey PRIMARY KEY (id);


--
-- Name: auth_user_groups auth_user_groups_user_id_group_id_94350c0c_uniq; Type: CONSTRAINT; Schema: public; Owner: business_cards
--

ALTER TABLE ONLY public.auth_user_groups
    ADD CONSTRAINT auth_user_groups_user_id_group_id_94350c0c_uniq UNIQUE (user_id, group_id);


--
-- Name: auth_user auth_user_pkey; Type: CONSTRAINT; Schema: public; Owner: business_cards
--

ALTER TABLE ONLY public.auth_user
    ADD CONSTRAINT auth_user_pkey PRIMARY KEY (id);


--
-- Name: auth_user_user_permissions auth_user_user_permissions_pkey; Type: CONSTRAINT; Schema: public; Owner: business_cards
--

ALTER TABLE ONLY public.auth_user_user_permissions
    ADD CONSTRAINT auth_user_user_permissions_pkey PRIMARY KEY (id);


--
-- Name: auth_user_user_permissions auth_user_user_permissions_user_id_permission_id_14a6b632_uniq; Type: CONSTRAINT; Schema: public; Owner: business_cards
--

ALTER TABLE ONLY public.auth_user_user_permissions
    ADD CONSTRAINT auth_user_user_permissions_user_id_permission_id_14a6b632_uniq UNIQUE (user_id, permission_id);


--
-- Name: auth_user auth_user_username_key; Type: CONSTRAINT; Schema: public; Owner: business_cards
--

ALTER TABLE ONLY public.auth_user
    ADD CONSTRAINT auth_user_username_key UNIQUE (username);


--
-- Name: cards_businesscard cards_businesscard_pkey; Type: CONSTRAINT; Schema: public; Owner: business_cards
--

ALTER TABLE ONLY public.cards_businesscard
    ADD CONSTRAINT cards_businesscard_pkey PRIMARY KEY (id);


--
-- Name: cards_businesscard cards_businesscard_sequence_number_key; Type: CONSTRAINT; Schema: public; Owner: business_cards
--

ALTER TABLE ONLY public.cards_businesscard
    ADD CONSTRAINT cards_businesscard_sequence_number_key UNIQUE (sequence_number);


--
-- Name: django_admin_log django_admin_log_pkey; Type: CONSTRAINT; Schema: public; Owner: business_cards
--

ALTER TABLE ONLY public.django_admin_log
    ADD CONSTRAINT django_admin_log_pkey PRIMARY KEY (id);


--
-- Name: django_content_type django_content_type_app_label_model_76bd3d3b_uniq; Type: CONSTRAINT; Schema: public; Owner: business_cards
--

ALTER TABLE ONLY public.django_content_type
    ADD CONSTRAINT django_content_type_app_label_model_76bd3d3b_uniq UNIQUE (app_label, model);


--
-- Name: django_content_type django_content_type_pkey; Type: CONSTRAINT; Schema: public; Owner: business_cards
--

ALTER TABLE ONLY public.django_content_type
    ADD CONSTRAINT django_content_type_pkey PRIMARY KEY (id);


--
-- Name: django_migrations django_migrations_pkey; Type: CONSTRAINT; Schema: public; Owner: business_cards
--

ALTER TABLE ONLY public.django_migrations
    ADD CONSTRAINT django_migrations_pkey PRIMARY KEY (id);


--
-- Name: django_session django_session_pkey; Type: CONSTRAINT; Schema: public; Owner: business_cards
--

ALTER TABLE ONLY public.django_session
    ADD CONSTRAINT django_session_pkey PRIMARY KEY (session_key);


--
-- Name: cards_businesscard uniq_owner_duplicate_hash; Type: CONSTRAINT; Schema: public; Owner: business_cards
--

ALTER TABLE ONLY public.cards_businesscard
    ADD CONSTRAINT uniq_owner_duplicate_hash UNIQUE (owner_id, duplicate_hash);


--
-- Name: auth_group_name_a6ea08ec_like; Type: INDEX; Schema: public; Owner: business_cards
--

CREATE INDEX auth_group_name_a6ea08ec_like ON public.auth_group USING btree (name varchar_pattern_ops);


--
-- Name: auth_group_permissions_group_id_b120cbf9; Type: INDEX; Schema: public; Owner: business_cards
--

CREATE INDEX auth_group_permissions_group_id_b120cbf9 ON public.auth_group_permissions USING btree (group_id);


--
-- Name: auth_group_permissions_permission_id_84c5c92e; Type: INDEX; Schema: public; Owner: business_cards
--

CREATE INDEX auth_group_permissions_permission_id_84c5c92e ON public.auth_group_permissions USING btree (permission_id);


--
-- Name: auth_permission_content_type_id_2f476e4b; Type: INDEX; Schema: public; Owner: business_cards
--

CREATE INDEX auth_permission_content_type_id_2f476e4b ON public.auth_permission USING btree (content_type_id);


--
-- Name: auth_user_groups_group_id_97559544; Type: INDEX; Schema: public; Owner: business_cards
--

CREATE INDEX auth_user_groups_group_id_97559544 ON public.auth_user_groups USING btree (group_id);


--
-- Name: auth_user_groups_user_id_6a12ed8b; Type: INDEX; Schema: public; Owner: business_cards
--

CREATE INDEX auth_user_groups_user_id_6a12ed8b ON public.auth_user_groups USING btree (user_id);


--
-- Name: auth_user_user_permissions_permission_id_1fbb5f2c; Type: INDEX; Schema: public; Owner: business_cards
--

CREATE INDEX auth_user_user_permissions_permission_id_1fbb5f2c ON public.auth_user_user_permissions USING btree (permission_id);


--
-- Name: auth_user_user_permissions_user_id_a95ead1b; Type: INDEX; Schema: public; Owner: business_cards
--

CREATE INDEX auth_user_user_permissions_user_id_a95ead1b ON public.auth_user_user_permissions USING btree (user_id);


--
-- Name: auth_user_username_6821ab7c_like; Type: INDEX; Schema: public; Owner: business_cards
--

CREATE INDEX auth_user_username_6821ab7c_like ON public.auth_user USING btree (username varchar_pattern_ops);


--
-- Name: cards_busin_company_120b35_idx; Type: INDEX; Schema: public; Owner: business_cards
--

CREATE INDEX cards_busin_company_120b35_idx ON public.cards_businesscard USING btree (company_name, person_name);


--
-- Name: cards_busin_created_a647b0_idx; Type: INDEX; Schema: public; Owner: business_cards
--

CREATE INDEX cards_busin_created_a647b0_idx ON public.cards_businesscard USING btree (created_at, status);


--
-- Name: cards_businesscard_company_activity_ba2e3ea1; Type: INDEX; Schema: public; Owner: business_cards
--

CREATE INDEX cards_businesscard_company_activity_ba2e3ea1 ON public.cards_businesscard USING btree (company_activity);


--
-- Name: cards_businesscard_company_activity_ba2e3ea1_like; Type: INDEX; Schema: public; Owner: business_cards
--

CREATE INDEX cards_businesscard_company_activity_ba2e3ea1_like ON public.cards_businesscard USING btree (company_activity text_pattern_ops);


--
-- Name: cards_businesscard_company_name_ar_41176000; Type: INDEX; Schema: public; Owner: business_cards
--

CREATE INDEX cards_businesscard_company_name_ar_41176000 ON public.cards_businesscard USING btree (company_name_ar);


--
-- Name: cards_businesscard_company_name_ar_41176000_like; Type: INDEX; Schema: public; Owner: business_cards
--

CREATE INDEX cards_businesscard_company_name_ar_41176000_like ON public.cards_businesscard USING btree (company_name_ar varchar_pattern_ops);


--
-- Name: cards_businesscard_company_name_c8f5811e; Type: INDEX; Schema: public; Owner: business_cards
--

CREATE INDEX cards_businesscard_company_name_c8f5811e ON public.cards_businesscard USING btree (company_name);


--
-- Name: cards_businesscard_company_name_c8f5811e_like; Type: INDEX; Schema: public; Owner: business_cards
--

CREATE INDEX cards_businesscard_company_name_c8f5811e_like ON public.cards_businesscard USING btree (company_name varchar_pattern_ops);


--
-- Name: cards_businesscard_company_name_en_880a85a8; Type: INDEX; Schema: public; Owner: business_cards
--

CREATE INDEX cards_businesscard_company_name_en_880a85a8 ON public.cards_businesscard USING btree (company_name_en);


--
-- Name: cards_businesscard_company_name_en_880a85a8_like; Type: INDEX; Schema: public; Owner: business_cards
--

CREATE INDEX cards_businesscard_company_name_en_880a85a8_like ON public.cards_businesscard USING btree (company_name_en varchar_pattern_ops);


--
-- Name: cards_businesscard_country_854ae0c0; Type: INDEX; Schema: public; Owner: business_cards
--

CREATE INDEX cards_businesscard_country_854ae0c0 ON public.cards_businesscard USING btree (country);


--
-- Name: cards_businesscard_country_854ae0c0_like; Type: INDEX; Schema: public; Owner: business_cards
--

CREATE INDEX cards_businesscard_country_854ae0c0_like ON public.cards_businesscard USING btree (country varchar_pattern_ops);


--
-- Name: cards_businesscard_created_at_3a8abffb; Type: INDEX; Schema: public; Owner: business_cards
--

CREATE INDEX cards_businesscard_created_at_3a8abffb ON public.cards_businesscard USING btree (created_at);


--
-- Name: cards_businesscard_duplicate_hash_c0e5411a; Type: INDEX; Schema: public; Owner: business_cards
--

CREATE INDEX cards_businesscard_duplicate_hash_c0e5411a ON public.cards_businesscard USING btree (duplicate_hash);


--
-- Name: cards_businesscard_duplicate_hash_c0e5411a_like; Type: INDEX; Schema: public; Owner: business_cards
--

CREATE INDEX cards_businesscard_duplicate_hash_c0e5411a_like ON public.cards_businesscard USING btree (duplicate_hash varchar_pattern_ops);


--
-- Name: cards_businesscard_investment_type_57826948; Type: INDEX; Schema: public; Owner: business_cards
--

CREATE INDEX cards_businesscard_investment_type_57826948 ON public.cards_businesscard USING btree (investment_type);


--
-- Name: cards_businesscard_investment_type_57826948_like; Type: INDEX; Schema: public; Owner: business_cards
--

CREATE INDEX cards_businesscard_investment_type_57826948_like ON public.cards_businesscard USING btree (investment_type varchar_pattern_ops);


--
-- Name: cards_businesscard_needs_review_fb5c31a1; Type: INDEX; Schema: public; Owner: business_cards
--

CREATE INDEX cards_businesscard_needs_review_fb5c31a1 ON public.cards_businesscard USING btree (needs_review);


--
-- Name: cards_businesscard_owner_id_02aa370a; Type: INDEX; Schema: public; Owner: business_cards
--

CREATE INDEX cards_businesscard_owner_id_02aa370a ON public.cards_businesscard USING btree (owner_id);


--
-- Name: cards_businesscard_person_name_220eb4b4; Type: INDEX; Schema: public; Owner: business_cards
--

CREATE INDEX cards_businesscard_person_name_220eb4b4 ON public.cards_businesscard USING btree (person_name);


--
-- Name: cards_businesscard_person_name_220eb4b4_like; Type: INDEX; Schema: public; Owner: business_cards
--

CREATE INDEX cards_businesscard_person_name_220eb4b4_like ON public.cards_businesscard USING btree (person_name varchar_pattern_ops);


--
-- Name: cards_businesscard_person_name_ar_ec5db416; Type: INDEX; Schema: public; Owner: business_cards
--

CREATE INDEX cards_businesscard_person_name_ar_ec5db416 ON public.cards_businesscard USING btree (person_name_ar);


--
-- Name: cards_businesscard_person_name_ar_ec5db416_like; Type: INDEX; Schema: public; Owner: business_cards
--

CREATE INDEX cards_businesscard_person_name_ar_ec5db416_like ON public.cards_businesscard USING btree (person_name_ar varchar_pattern_ops);


--
-- Name: cards_businesscard_person_name_en_4798c5a9; Type: INDEX; Schema: public; Owner: business_cards
--

CREATE INDEX cards_businesscard_person_name_en_4798c5a9 ON public.cards_businesscard USING btree (person_name_en);


--
-- Name: cards_businesscard_person_name_en_4798c5a9_like; Type: INDEX; Schema: public; Owner: business_cards
--

CREATE INDEX cards_businesscard_person_name_en_4798c5a9_like ON public.cards_businesscard USING btree (person_name_en varchar_pattern_ops);


--
-- Name: cards_businesscard_status_a9b7bd1b; Type: INDEX; Schema: public; Owner: business_cards
--

CREATE INDEX cards_businesscard_status_a9b7bd1b ON public.cards_businesscard USING btree (status);


--
-- Name: cards_businesscard_status_a9b7bd1b_like; Type: INDEX; Schema: public; Owner: business_cards
--

CREATE INDEX cards_businesscard_status_a9b7bd1b_like ON public.cards_businesscard USING btree (status varchar_pattern_ops);


--
-- Name: django_admin_log_content_type_id_c4bce8eb; Type: INDEX; Schema: public; Owner: business_cards
--

CREATE INDEX django_admin_log_content_type_id_c4bce8eb ON public.django_admin_log USING btree (content_type_id);


--
-- Name: django_admin_log_user_id_c564eba6; Type: INDEX; Schema: public; Owner: business_cards
--

CREATE INDEX django_admin_log_user_id_c564eba6 ON public.django_admin_log USING btree (user_id);


--
-- Name: django_session_expire_date_a5c62663; Type: INDEX; Schema: public; Owner: business_cards
--

CREATE INDEX django_session_expire_date_a5c62663 ON public.django_session USING btree (expire_date);


--
-- Name: django_session_session_key_c0390e0f_like; Type: INDEX; Schema: public; Owner: business_cards
--

CREATE INDEX django_session_session_key_c0390e0f_like ON public.django_session USING btree (session_key varchar_pattern_ops);


--
-- Name: accounts_profile accounts_profile_user_id_49a85d32_fk_auth_user_id; Type: FK CONSTRAINT; Schema: public; Owner: business_cards
--

ALTER TABLE ONLY public.accounts_profile
    ADD CONSTRAINT accounts_profile_user_id_49a85d32_fk_auth_user_id FOREIGN KEY (user_id) REFERENCES public.auth_user(id) DEFERRABLE INITIALLY DEFERRED;


--
-- Name: auth_group_permissions auth_group_permissio_permission_id_84c5c92e_fk_auth_perm; Type: FK CONSTRAINT; Schema: public; Owner: business_cards
--

ALTER TABLE ONLY public.auth_group_permissions
    ADD CONSTRAINT auth_group_permissio_permission_id_84c5c92e_fk_auth_perm FOREIGN KEY (permission_id) REFERENCES public.auth_permission(id) DEFERRABLE INITIALLY DEFERRED;


--
-- Name: auth_group_permissions auth_group_permissions_group_id_b120cbf9_fk_auth_group_id; Type: FK CONSTRAINT; Schema: public; Owner: business_cards
--

ALTER TABLE ONLY public.auth_group_permissions
    ADD CONSTRAINT auth_group_permissions_group_id_b120cbf9_fk_auth_group_id FOREIGN KEY (group_id) REFERENCES public.auth_group(id) DEFERRABLE INITIALLY DEFERRED;


--
-- Name: auth_permission auth_permission_content_type_id_2f476e4b_fk_django_co; Type: FK CONSTRAINT; Schema: public; Owner: business_cards
--

ALTER TABLE ONLY public.auth_permission
    ADD CONSTRAINT auth_permission_content_type_id_2f476e4b_fk_django_co FOREIGN KEY (content_type_id) REFERENCES public.django_content_type(id) DEFERRABLE INITIALLY DEFERRED;


--
-- Name: auth_user_groups auth_user_groups_group_id_97559544_fk_auth_group_id; Type: FK CONSTRAINT; Schema: public; Owner: business_cards
--

ALTER TABLE ONLY public.auth_user_groups
    ADD CONSTRAINT auth_user_groups_group_id_97559544_fk_auth_group_id FOREIGN KEY (group_id) REFERENCES public.auth_group(id) DEFERRABLE INITIALLY DEFERRED;


--
-- Name: auth_user_groups auth_user_groups_user_id_6a12ed8b_fk_auth_user_id; Type: FK CONSTRAINT; Schema: public; Owner: business_cards
--

ALTER TABLE ONLY public.auth_user_groups
    ADD CONSTRAINT auth_user_groups_user_id_6a12ed8b_fk_auth_user_id FOREIGN KEY (user_id) REFERENCES public.auth_user(id) DEFERRABLE INITIALLY DEFERRED;


--
-- Name: auth_user_user_permissions auth_user_user_permi_permission_id_1fbb5f2c_fk_auth_perm; Type: FK CONSTRAINT; Schema: public; Owner: business_cards
--

ALTER TABLE ONLY public.auth_user_user_permissions
    ADD CONSTRAINT auth_user_user_permi_permission_id_1fbb5f2c_fk_auth_perm FOREIGN KEY (permission_id) REFERENCES public.auth_permission(id) DEFERRABLE INITIALLY DEFERRED;


--
-- Name: auth_user_user_permissions auth_user_user_permissions_user_id_a95ead1b_fk_auth_user_id; Type: FK CONSTRAINT; Schema: public; Owner: business_cards
--

ALTER TABLE ONLY public.auth_user_user_permissions
    ADD CONSTRAINT auth_user_user_permissions_user_id_a95ead1b_fk_auth_user_id FOREIGN KEY (user_id) REFERENCES public.auth_user(id) DEFERRABLE INITIALLY DEFERRED;


--
-- Name: cards_businesscard cards_businesscard_owner_id_02aa370a_fk_auth_user_id; Type: FK CONSTRAINT; Schema: public; Owner: business_cards
--

ALTER TABLE ONLY public.cards_businesscard
    ADD CONSTRAINT cards_businesscard_owner_id_02aa370a_fk_auth_user_id FOREIGN KEY (owner_id) REFERENCES public.auth_user(id) DEFERRABLE INITIALLY DEFERRED;


--
-- Name: django_admin_log django_admin_log_content_type_id_c4bce8eb_fk_django_co; Type: FK CONSTRAINT; Schema: public; Owner: business_cards
--

ALTER TABLE ONLY public.django_admin_log
    ADD CONSTRAINT django_admin_log_content_type_id_c4bce8eb_fk_django_co FOREIGN KEY (content_type_id) REFERENCES public.django_content_type(id) DEFERRABLE INITIALLY DEFERRED;


--
-- Name: django_admin_log django_admin_log_user_id_c564eba6_fk_auth_user_id; Type: FK CONSTRAINT; Schema: public; Owner: business_cards
--

ALTER TABLE ONLY public.django_admin_log
    ADD CONSTRAINT django_admin_log_user_id_c564eba6_fk_auth_user_id FOREIGN KEY (user_id) REFERENCES public.auth_user(id) DEFERRABLE INITIALLY DEFERRED;


--
-- PostgreSQL database dump complete
--

\unrestrict SOCb6wO0nEwNYkjIWYyYqwRcqUCuKmHL7UHaTsahz9pz1d9OusVo9q7bZz5SNTQ

